ticket_id_a,ticket_id_b,ecart_jours,methode
100997,29a9294d-4db0-47a0-8427-c4fd078be25f,-57.15177447916667,reference
100997,9a94fd97-2b81-4fb3-93b5-eabdb8676ada,8.847119872685186,reference
100997,cdba2d07-af4f-4be2-84e2-ae866d64e632,115.7901015625,reference
11664,9ac0533b-4a82-42d2-8368-a3d18a349311,0.04969829861111111,telephone_montant_date
11721,4eb147ba-effa-4214-b7c3-4f1971c61acf,2.978362210648148,telephone_montant_date+reference
120946,2132cf12-01fc-4919-b0e9-019504434e46,0.054740115740740745,telephone_montant_date+reference
131264,a9ced811-04f8-4744-afb0-9b596bf58444,0.048050254629629634,telephone_montant_date+reference
185141,12a4bb92-a5df-4a6d-be38-24ad6f296646,0.08278106481481481,reference
188286,04f71b28-7364-4187-a0f3-f3405e3f1887,-58.27571280092593,reference
188286,0661ed7c-504d-46bf-8ed1-238a72404b9d,-73.13136342592593,reference
188286,15044d59-c9c5-41c6-a3b1-6f242ef70cd2,217.1342038310185,reference
188286,152582e2-0782-48fc-946b-9c40e6b6cffe,-75.23489850694445,reference
188286,27b02d36-cf54-4d60-8292-ad0855ccb083,-57.29978539351851,reference
188286,62d6cc20-c8ec-49ff-a411-7828325c0d87,-58.18213821759259,reference
188286,62fccb4f-9085-4739-bce8-445b384b33d0,-59.20622871527778,reference
188286,64897fb8-e7f3-4565-9e14-0fc6fa5f3aca,-56.19248991898148,reference
188286,6ae66e42-e37f-41f9-802b-7488a5861962,-56.22661809027778,reference
188286,70f9a1c7-329d-4be8-a324-d9cbf67ea651,111.77348837962963,reference
188286,749136c0-af8a-4419-bac6-c690539e3d97,-72.94686784722222,reference
188286,783409bd-b518-417e-85c0-d6971644d713,-63.95894856481482,reference
188286,95c4a24d-caa1-422a-bde0-1e9ded28efd8,-56.25326271990741,reference
188286,96cb3cc6-9ec1-4a45-ab99-04177b1f19aa,-77.03222717592593,reference
188286,9afa5a90-a3da-496b-bfdd-6ed41b4981a8,-64.88425856481481,reference
188286,af06a7a0-9473-4036-be9a-a6af8daf1fab,-58.218840381944446,reference
188286,b586af72-d213-47d3-beed-c47ee162b5ef,-77.04202710648148,reference
188286,eb331345-4ad4-467e-8f6b-9fffe2d58217,-62.82740487268519,reference
202614,c3df25e8-efb1-4dbe-ad2f-c219b1223fe1,0.048577916666666665,telephone_montant_date+reference
212466,df2e932a-1dd1-48af-90f1-fc402942808b,0.05708658564814815,telephone_montant_date
215468869481784,a4f83f41-d3d4-4f25-bdbe-fce284e62480,0.06170341435185185,telephone_montant_date
215469005447838,22e7c701-61fc-4320-98e9-16d77977720a,-6.731182488425926,reference
215470546935187,ca76f65d-227d-4d89-9dee-7c4ffac65f7c,0.051757835648148155,telephone_montant_date+reference
215470851982482,c02e8081-c8d5-430d-a7f4-cd8c6660eb93,0.05951780092592592,telephone_montant_date+reference
215470986812037,7da6a171-3011-47cb-ba9b-4d1dbf70a73b,0.05025268518518519,telephone_montant_date+reference
215471201940325,456212d2-a72b-4e80-b1b7-efa37bc875aa,0.04370403935185185,telephone_montant_date
215471402358346,03484a3f-1e36-4606-abcb-ecbb3d1fc232,0.05132403935185185,telephone_montant_date+reference
215471693624306,61450495-3668-47b2-ae75-0c23c0e43eed,0.05004780092592593,telephone_montant_date+reference
215471693624306,75222274-aeca-4eaa-965b-ee42ea5d2147,0.48639258101851857,telephone_montant_date+reference
215471694023815,e61b98a5-bf3b-4907-8831-fe2590d94424,-9.994799953703703,reference
215471694213849,e314c2c2-824b-4491-bce9-442c89e935eb,-0.8040881018518519,telephone_montant_date
215471697442659,84dff5ba-ba70-4248-9380-82758f5776a1,0.045500578703703706,telephone_montant_date+reference
215471697442659,ee18faa2-4edf-46b3-b34d-9d516065d18b,-3.9264937268518523,reference
215471698843834,64731b38-b4d0-4278-815e-9d3f27c85577,0.050602557870370365,reference
215471698843834,84e996d1-bfbe-4812-a975-2f512876df58,0.04763233796296296,telephone_montant_date+reference
215471698995733,64731b38-b4d0-4278-815e-9d3f27c85577,0.04298681712962963,telephone_montant_date
215471700116217,04f71b28-7364-4187-a0f3-f3405e3f1887,-33.33204381944444,reference
215471700116217,0661ed7c-504d-46bf-8ed1-238a72404b9d,-48.18769444444444,reference
215471700116217,15044d59-c9c5-41c6-a3b1-6f242ef70cd2,242.0778728125,reference
215471700116217,152582e2-0782-48fc-946b-9c40e6b6cffe,-50.29122952546296,reference
215471700116217,27b02d36-cf54-4d60-8292-ad0855ccb083,-32.35611641203704,reference
215471700116217,62d6cc20-c8ec-49ff-a411-7828325c0d87,-33.238469236111115,reference
215471700116217,62fccb4f-9085-4739-bce8-445b384b33d0,-34.262559733796294,reference
215471700116217,64897fb8-e7f3-4565-9e14-0fc6fa5f3aca,-31.248820937500003,reference
215471700116217,6ae66e42-e37f-41f9-802b-7488a5861962,-31.282949108796295,reference
215471700116217,6d8cf475-7759-4622-a8ad-8d8442ceee3d,-2.2027528819444444,telephone_montant_date
215471700116217,70f9a1c7-329d-4be8-a324-d9cbf67ea651,136.7171573611111,reference
215471700116217,749136c0-af8a-4419-bac6-c690539e3d97,-48.00319886574074,reference
215471700116217,783409bd-b518-417e-85c0-d6971644d713,-39.01527958333333,reference
215471700116217,95c4a24d-caa1-422a-bde0-1e9ded28efd8,-31.309593738425928,reference
215471700116217,96cb3cc6-9ec1-4a45-ab99-04177b1f19aa,-52.088558194444445,reference
215471700116217,9afa5a90-a3da-496b-bfdd-6ed41b4981a8,-39.940589583333335,reference
215471700116217,af06a7a0-9473-4036-be9a-a6af8daf1fab,-33.27517140046296,reference
215471700116217,b586af72-d213-47d3-beed-c47ee162b5ef,-52.098358125,reference
215471700116217,eb331345-4ad4-467e-8f6b-9fffe2d58217,-37.883735891203706,reference
215471700729988,65305770-0271-43cc-92fd-5ad153902294,0.04751332175925926,reference
215471702117019,d9bec34d-bf72-4808-99d6-c719bf9115fb,-1.1118136342592593,telephone_montant_date+reference
215471705967956,61450495-3668-47b2-ae75-0c23c0e43eed,-0.38439664351851854,telephone_montant_date+reference
215471705967956,75222274-aeca-4eaa-965b-ee42ea5d2147,0.05194813657407408,telephone_montant_date+reference
215471706374912,38d0bbca-f860-4e26-af9f-8824ba1aad34,-2.442542175925926,telephone_montant_date
215471711998212,61450495-3668-47b2-ae75-0c23c0e43eed,-0.8280309027777777,telephone_montant_date+reference
215471711998212,75222274-aeca-4eaa-965b-ee42ea5d2147,-0.39168612268518516,telephone_montant_date+reference
215471712381189,071803d6-5080-4b5a-941f-355137e00093,-4.694215520833334,reference
215471712381189,921ef5a2-790b-4e47-8b67-d49143546a4a,-2.6906691203703703,telephone_montant_date
215471713006645,110ca1c8-8799-42b1-a561-e651d8fb6b6f,-13.044915682870371,reference
215471725903764,61450495-3668-47b2-ae75-0c23c0e43eed,-1.4335748842592593,telephone_montant_date+reference
215471725903764,75222274-aeca-4eaa-965b-ee42ea5d2147,-0.9972301041666666,telephone_montant_date+reference
215471730914658,e3dfd1ca-99f6-4d12-9f92-37efbb162f73,4.0162205902777774,reference
215471733598768,47ac456e-dac0-4715-a4b3-c399347c055c,2.8852453472222224,telephone_montant_date+reference
215471744911254,2b5509d3-c5de-4be5-8e10-c5884fe4260e,0.04787615740740741,telephone_montant_date
215471748934803,8917055f-4f3f-403c-8fd6-798d6760ed32,0.04798836805555555,telephone_montant_date+reference
215471749739374,4feca011-77b5-4255-847b-3deebb2569bf,0.046128692129629625,telephone_montant_date
215471752532277,9e14dcd3-94df-49ea-a031-e7ccd259248e,0.05288909722222223,telephone_montant_date+reference
215471753422021,911a905d-7fb7-4639-9bd3-573016d24d24,0.048534768518518526,telephone_montant_date+reference
215471753422021,b376955b-b280-4ae3-acac-df0ffb2f772a,-17.064074386574074,reference
215471755894842,04f71b28-7364-4187-a0f3-f3405e3f1887,-36.277240578703704,reference
215471755894842,0661ed7c-504d-46bf-8ed1-238a72404b9d,-51.1328912037037,reference
215471755894842,15044d59-c9c5-41c6-a3b1-6f242ef70cd2,239.13267605324074,reference
215471755894842,152582e2-0782-48fc-946b-9c40e6b6cffe,-53.23642628472222,reference
215471755894842,27b02d36-cf54-4d60-8292-ad0855ccb083,-35.3013131712963,reference
215471755894842,62d6cc20-c8ec-49ff-a411-7828325c0d87,-36.18366599537037,reference
215471755894842,62fccb4f-9085-4739-bce8-445b384b33d0,-37.207756493055555,reference
215471755894842,64897fb8-e7f3-4565-9e14-0fc6fa5f3aca,-34.19401769675926,reference
215471755894842,6ae66e42-e37f-41f9-802b-7488a5861962,-34.228145868055556,reference
215471755894842,70f9a1c7-329d-4be8-a324-d9cbf67ea651,133.77196060185184,reference
215471755894842,749136c0-af8a-4419-bac6-c690539e3d97,-50.948395625,reference
215471755894842,783409bd-b518-417e-85c0-d6971644d713,-41.96047634259259,reference
215471755894842,95c4a24d-caa1-422a-bde0-1e9ded28efd8,-34.254790497685185,reference
215471755894842,96cb3cc6-9ec1-4a45-ab99-04177b1f19aa,-55.033754953703706,reference
215471755894842,9afa5a90-a3da-496b-bfdd-6ed41b4981a8,-42.88578634259259,reference
215471755894842,af06a7a0-9473-4036-be9a-a6af8daf1fab,-36.22036815972222,reference
215471755894842,b586af72-d213-47d3-beed-c47ee162b5ef,-55.04355488425926,reference
215471755894842,eb331345-4ad4-467e-8f6b-9fffe2d58217,-40.82893265046296,reference
215471759832273,e2faf88f-a922-4e62-96a6-3ab0e52744b0,2.827603136574074,telephone_montant_date
215471759951848,e2faf88f-a922-4e62-96a6-3ab0e52744b0,2.8192466550925923,telephone_montant_date
215471765954158,0a25c500-da03-46de-abc8-22b16ab6ee44,2.5288507523148147,reference
215471768333260,c460a11b-2f55-454b-8767-64e9b6c797bc,-10.921696516203705,reference
215471768730896,7a80d39e-b206-4063-be8f-3da0faf61101,2.184138611111111,telephone_montant_date+reference
215471771328927,48dd5da8-472c-4bb5-bf9b-45ab04285067,1.944670023148148,telephone_montant_date+reference
215471774828524,a2ae6ad1-5621-45cf-b5fd-6e6ebbf3eb13,3.053901296296296,reference
215471791160892,e2faf88f-a922-4e62-96a6-3ab0e52744b0,0.8243623958333333,telephone_montant_date
215471792371014,650fde28-5e02-4a90-9f2f-846ea8def2cd,0.7514341435185186,telephone_montant_date+reference
215471793845409,d899e997-7f44-4ff2-be3a-1144f29c2964,-15.423757789351852,reference
215471800948945,bd3e7907-5a24-4f15-808b-d93bc4820a61,0.8871673726851852,telephone_montant_date+reference
215471807838410,b5eff751-db5a-4f1e-870c-155325867ff6,24.23460662037037,reference
215471807838410,c9dbd3e3-d4e2-426e-addc-07f63e93719c,141.42204142361112,reference
215471807838410,f8c3ccba-e0fd-4856-b499-16aa26449105,8.986402800925926,reference
215471816684632,eccd3ab2-2d21-4b1c-987f-a11fe82240e0,1.6601404282407408,telephone_montant_date
215471828506765,a6cd8a29-b9cf-4d35-9e58-97b68303b9f4,1.0824184027777777,telephone_montant_date+reference
215471833040689,04f71b28-7364-4187-a0f3-f3405e3f1887,-41.201893356481484,reference
215471833040689,0661ed7c-504d-46bf-8ed1-238a72404b9d,-56.05754398148148,reference
215471833040689,15044d59-c9c5-41c6-a3b1-6f242ef70cd2,234.20802327546295,reference
215471833040689,152582e2-0782-48fc-946b-9c40e6b6cffe,-58.161079062499994,reference
215471833040689,27b02d36-cf54-4d60-8292-ad0855ccb083,-40.22596594907407,reference
215471833040689,62d6cc20-c8ec-49ff-a411-7828325c0d87,-41.10831877314815,reference
215471833040689,62fccb4f-9085-4739-bce8-445b384b33d0,-42.13240927083333,reference
215471833040689,64897fb8-e7f3-4565-9e14-0fc6fa5f3aca,-39.11867047453704,reference
215471833040689,6ae66e42-e37f-41f9-802b-7488a5861962,-39.15279864583333,reference
215471833040689,70f9a1c7-329d-4be8-a324-d9cbf67ea651,128.84730782407408,reference
215471833040689,749136c0-af8a-4419-bac6-c690539e3d97,-55.87304840277778,reference
215471833040689,783409bd-b518-417e-85c0-d6971644d713,-46.88512912037037,reference
215471833040689,95c4a24d-caa1-422a-bde0-1e9ded28efd8,-39.179443275462965,reference
215471833040689,96cb3cc6-9ec1-4a45-ab99-04177b1f19aa,-59.958407731481486,reference
215471833040689,9afa5a90-a3da-496b-bfdd-6ed41b4981a8,-47.81043912037037,reference
215471833040689,af06a7a0-9473-4036-be9a-a6af8daf1fab,-41.1450209375,reference
215471833040689,b586af72-d213-47d3-beed-c47ee162b5ef,-59.96820766203704,reference
215471833040689,eb331345-4ad4-467e-8f6b-9fffe2d58217,-45.75358542824074,reference
215471834878624,1136c211-9195-4be7-ace4-f2f687157ae9,1.026629537037037,telephone_montant_date
215471841489353,17a2915f-bfdf-4535-b75b-c734da2e965d,0.6325378819444445,telephone_montant_date
215471843230345,1d57b30d-82a6-4cef-bd9d-800ee11621a0,8.527116620370371,reference
215471843230345,8c09d71d-23b1-4ac9-9c56-da0ab5ce5adc,106.63243827546296,reference
215471853208735,6fcd42c6-4cd9-4bee-ad80-ab90ad42913c,-23.079286064814816,reference
215471853683361,1d57b30d-82a6-4cef-bd9d-800ee11621a0,7.853540231481482,reference
215471853683361,8c09d71d-23b1-4ac9-9c56-da0ab5ce5adc,105.95886188657407,reference
215471857306350,a721cdfc-d268-42e7-b626-d047ed48800d,1.0717486111111112,telephone_montant_date
215471871062036,7e661ed1-d896-432f-9f65-9bcdb14415e2,1.3174686805555555,telephone_montant_date+reference
215471871580532,7d62a95a-2855-4f12-aa4f-14a2d6fd2fdd,2.290475648148148,telephone_montant_date
215471873767679,8f4df9a7-44ee-4601-8537-0eb7ca0d445b,151.89464288194443,reference
215471873767679,bed5ef51-6d39-4b50-a7f0-9521a0840dec,146.1711371296296,reference
215471873767679,cab903b5-db3d-4949-b3a9-88d7b98ff8dd,4.394474108796296,reference
215471873767679,d176a262-4ee6-405b-8028-63f49f4bf6e3,159.21232443287036,reference
215471878592514,8fa25fd9-6fcf-471c-9cd1-0ac95fe78a41,1.0209958564814814,telephone_montant_date+reference
215471889508846,6fcd42c6-4cd9-4bee-ad80-ab90ad42913c,-25.09086013888889,reference
215471895794868,7f807f7f-c0e0-4b4e-bf20-9595703c6a73,1.7715829398148148,telephone_montant_date
215471895794868,b4c16bae-e043-47e3-843d-7ea6e3da42c0,1.7744751504629628,telephone_montant_date
215471906503138,98b0c781-e78d-4473-8670-7e5b821c82f9,1.935017476851852,reference
215471912257840,24cbcd0e-04c7-4322-87d9-e1deb85c2f71,0.4207062615740741,telephone_montant_date
215471912257840,d344aaeb-daef-4c38-8c08-ebf2fa49bd07,0.04371913194444445,telephone_montant_date+reference
215471917588221,70c7b38b-3e1c-4fe6-9490-fa77e96857cf,0.04765423611111111,telephone_montant_date
215471923174239,7cce8ae8-4d2c-4966-a197-45da51acc3da,0.3442573611111111,telephone_montant_date
215471923174239,a6e8f3ec-4bbc-4336-ad75-5c94c88562d7,0.04443607638888889,telephone_montant_date+reference
215471923900807,518481ed-df54-45bf-ac53-6113f856066e,0.04593636574074074,telephone_montant_date
215471924571570,b8110908-82ef-4186-86b6-e4b13a1bc53a,0.06315827546296296,telephone_montant_date+reference
215471927757608,94e0ca97-70f4-4169-89ed-828f5bfee32f,0.04846673611111111,telephone_montant_date
215471930077184,979d0679-a852-4d2a-aa11-b50031ea5ec2,0.2573750810185185,telephone_montant_date+reference
215471935509002,cb4cca65-948f-4b66-846f-6d91e6bb6355,0.04491971064814815,telephone_montant_date
215471935584387,7824d63a-9ac2-4c0e-b714-36f7b51e935b,0.05247909722222223,telephone_montant_date+reference
215471936011445,6ee3664d-9884-4cab-8c3f-9806b98b07c0,0.04996424768518518,telephone_montant_date
215471936075448,44cc2337-10da-4869-a5f3-e32db08229b4,0.5000760300925926,telephone_montant_date
215471937371406,7bb0f369-3bbd-4e49-a32c-8ac1861fd8d4,0.07296363425925925,telephone_montant_date
215471937371406,c223e2dd-6453-42c2-9405-110ede4d61e9,0.07359133101851852,telephone_montant_date
215471938089879,1f33e966-b732-4b9a-a88f-e8c71c69184e,0.07116380787037037,telephone_montant_date
215471938089879,cd95728d-8b05-4b15-84bc-2adf2b02a6ea,0.06703524305555555,telephone_montant_date+reference
215471938232190,68518a8f-dfc2-4b59-80ba-a78a4792f344,0.04452391203703704,telephone_montant_date+reference
215471938232190,c776c4d2-6b1a-4142-86ab-c626f2c51487,1.4572206828703704,telephone_montant_date
215471938531197,1f33e966-b732-4b9a-a88f-e8c71c69184e,0.04401103009259259,telephone_montant_date+reference
215471938531197,cd95728d-8b05-4b15-84bc-2adf2b02a6ea,0.03988246527777778,telephone_montant_date
215471938534269,8f4df9a7-44ee-4601-8537-0eb7ca0d445b,147.5466336226852,reference
215471938534269,bed5ef51-6d39-4b50-a7f0-9521a0840dec,141.82312787037037,reference
215471938534269,cab903b5-db3d-4949-b3a9-88d7b98ff8dd,0.046464849537037035,telephone_montant_date+reference
215471938534269,d176a262-4ee6-405b-8028-63f49f4bf6e3,154.86431517361112,reference
215471939397433,90cdd6d2-3520-4e82-823a-fb0c54d136ce,0.04417292824074074,telephone_montant_date+reference
215471939554660,2867ccc2-9819-4363-9e7c-f2e570bcaab1,0.04590564814814815,telephone_montant_date+reference
215471939727243,76cea015-5ca0-429c-a105-39f8fbea98d0,0.04760421296296296,telephone_montant_date+reference
215471939818013,11cfece1-7b0c-48ce-b7e6-cb35af78bdff,0.04405519675925926,telephone_montant_date
215471940421583,a49435c7-2fee-4ac2-94ec-3cd6d92d0b2f,0.04509479166666667,telephone_montant_date+reference
215471942131618,a6879271-351e-438b-a870-bfa904230a86,0.04745340277777778,telephone_montant_date
215471942131618,a8ad47f8-2250-4afa-83eb-732ce7b0c044,0.046842314814814816,telephone_montant_date
215471942689203,174c6194-b515-4086-b22f-4d146c927332,0.04441744212962963,telephone_montant_date+reference
215471942694528,326760e5-f5d0-4153-9664-cb03e1db0df9,0.04624291666666667,telephone_montant_date+reference
215471943148047,cfb15b18-ad5c-4c1c-a7fd-a8a11cd7cc1a,0.0493189699074074,telephone_montant_date
215471943277935,c339f764-8636-4eac-b8e1-087a7f0ba438,0.05853233796296297,telephone_montant_date+reference
215471943296186,ae0fe22a-417b-42e2-973e-97f09c03b4c3,0.09026954861111111,telephone_montant_date
215471943340009,0df45ff5-f310-4e34-822a-fe8bd405888b,0.04519087962962963,telephone_montant_date
215471943340252,52ae5eb2-8fa8-459d-b61a-f1f2a01069cf,0.04592295138888889,telephone_montant_date
215471943472966,29a76917-81ea-4ab6-b21e-aad5447770cf,0.05915234953703703,telephone_montant_date+reference
215471943481665,d9478da3-421e-4b0d-98b6-a1764c7e2a12,0.047223726851851854,telephone_montant_date+reference
215471943485281,0cee9717-61e7-4ba6-a012-7fa9999f4f0a,1.1163822569444444,telephone_montant_date
215471943485281,d352d7ea-5825-458a-8254-6a8ab9226316,0.04870258101851852,telephone_montant_date
215471943485281,e1ca13d5-f7c6-4f31-9fa1-fd4d397bc134,0.11926346064814813,telephone_montant_date
215471943526525,9d1f60c3-44e6-4351-ab5b-4b9cfc64a3e3,0.06483130787037038,telephone_montant_date
215471943526525,ba2bbfcf-dd64-482f-bae2-a76c41423294,0.04810335648148148,telephone_montant_date+reference
215471943526525,cac93fee-bad8-4148-a5f3-e42f137a802c,0.052699259259259265,telephone_montant_date
215471943563142,65522e9a-895b-4f9a-923b-00c740754662,0.04350018518518519,telephone_montant_date
215471943583398,9d1f60c3-44e6-4351-ab5b-4b9cfc64a3e3,0.0560234375,telephone_montant_date
215471943583398,ba2bbfcf-dd64-482f-bae2-a76c41423294,0.03929548611111111,telephone_montant_date
215471943583398,cac93fee-bad8-4148-a5f3-e42f137a802c,0.04389138888888889,telephone_montant_date+reference
215471943618610,4607a5cd-f58a-498a-822c-ec843e7f8395,2.639247337962963,telephone_montant_date+reference
215471943660077,9d1f60c3-44e6-4351-ab5b-4b9cfc64a3e3,0.04337297453703704,telephone_montant_date+reference
215471943660077,ba2bbfcf-dd64-482f-bae2-a76c41423294,0.02664502314814815,telephone_montant_date
215471943660077,cac93fee-bad8-4148-a5f3-e42f137a802c,0.031240925925925925,telephone_montant_date
215471943862516,29a76917-81ea-4ab6-b21e-aad5447770cf,0.009383831018518519,reference
215471944048093,f310de14-8dd0-442b-be4f-b3eb53dc82e0,0.04413636574074074,telephone_montant_date
215471944192057,0cee9717-61e7-4ba6-a012-7fa9999f4f0a,1.0426322569444444,telephone_montant_date
215471944192057,d352d7ea-5825-458a-8254-6a8ab9226316,-0.025047418981481485,telephone_montant_date
215471944192057,e1ca13d5-f7c6-4f31-9fa1-fd4d397bc134,0.045513460648148145,telephone_montant_date
215471944194605,3d14d906-ae5e-4dc8-ba52-0568ee47748d,0.04698012731481482,telephone_montant_date
215471944328266,b72d8d18-8858-4719-a2fc-8903895cffbc,0.3533030439814815,telephone_montant_date+reference
215471944351273,b70e7690-55aa-4e69-85f2-6dd2abc287ab,1.094512025462963,telephone_montant_date
215471944351273,cd3d6a69-bf92-4267-af92-3c8b1475d8f5,0.04756383101851852,telephone_montant_date+reference
215471944358223,e31c33dd-5c2b-4712-b1af-2ae4638cd36e,0.08631787037037036,telephone_montant_date
215471944553635,468875a3-0180-4a75-b562-0c175523709d,0.04566733796296296,telephone_montant_date
215471944676251,99b5e0f9-2bbc-4515-8eb1-1c1e994c2f4f,0.12053197916666666,telephone_montant_date+reference
215471944729103,843bfdf1-18b8-4096-a852-0797cf23a806,0.513112650462963,telephone_montant_date
215471945149186,97709500-3bfc-4b0e-ab32-1dd6c66856a9,0.15422730324074074,telephone_montant_date+reference
215471945179480,8f4df9a7-44ee-4601-8537-0eb7ca0d445b,147.04640214120369,reference
215471945179480,bed5ef51-6d39-4b50-a7f0-9521a0840dec,141.3228963888889,reference
215471945179480,cab903b5-db3d-4949-b3a9-88d7b98ff8dd,-0.45376663194444444,reference
215471945179480,d176a262-4ee6-405b-8028-63f49f4bf6e3,154.36408369212964,reference
215471946123964,313f3b01-e092-4c46-ae32-35b8fa87a2ac,0.04757967592592593,telephone_montant_date
215471946123964,40076ca5-a0c3-4592-bf97-292f314ffaec,2.0483958449074073,telephone_montant_date
215471946123964,6927fdf4-0d08-4a6d-bd30-22c43a74b062,0.046935798611111114,telephone_montant_date
215471946123964,8fc7b4ff-7604-4318-99f4-90cb0ca52316,0.827056099537037,telephone_montant_date
215471946137810,6c64d770-7f83-4695-a60b-58ed34b1d38e,0.05057862268518519,telephone_montant_date+reference
215471946219293,67411813-ab04-45d3-a49e-d41191a2e664,0.05049353009259259,telephone_montant_date
215471946257402,14fcc91d-e6e5-4fce-9df6-4a45040c662e,0.047296631944444445,telephone_montant_date+reference
215471946303060,b7f22cf9-a693-4aac-adb5-16acda124740,0.15908657407407406,telephone_montant_date
215471946379548,af1ed77d-f850-49a8-8615-4f3cba7e23ed,0.04664471064814815,telephone_montant_date+reference
215471946397653,dbdd4c24-8e96-4fa6-a683-eb3ffd24a54f,1.268627650462963,telephone_montant_date
215471946397653,ff9b932a-9d8d-43f4-92cc-bf41d61dc486,0.04725017361111111,telephone_montant_date
215471946792781,62c8aebc-06b3-40a5-a208-66c47b976240,0.045105462962962965,telephone_montant_date+reference
215471947284793,49087393-a5df-4702-bf9e-171ca3123302,0.06980675925925926,telephone_montant_date
215471947690504,b558d944-6610-4256-ba61-7e14ab230105,0.05731221064814814,telephone_montant_date+reference
215471947961549,8f3087ad-d894-48db-ab18-804acca1a39e,0.04395032407407407,telephone_montant_date
215471948081863,de3c8ca9-fa38-4cda-9df6-b85a9acadbe2,1.1665221412037037,telephone_montant_date+reference
215471948107160,776de0c0-b31c-4a42-be73-6049ba9c0e39,0.7285990740740741,telephone_montant_date+reference
215471948114470,141f7a73-23c1-47b1-9a3b-1c3f1d2072be,2.3874302662037037,telephone_montant_date
215471948114470,1bb594d6-8575-4002-a9b5-1f85da998406,2.864402685185185,telephone_montant_date
215471948114470,6853c1ee-dae6-44e0-b21d-da83f0e9ff45,2.3867758333333335,telephone_montant_date
215471948114470,82900a59-5fab-4e70-adf1-c914c1dce3d4,0.06160122685185185,telephone_montant_date
215471948305771,ca37781e-a754-4a86-b111-15f2a4ca1f84,0.04617802083333333,telephone_montant_date+reference
215471948573479,db403286-71c2-419f-981f-4b523bdaca0f,0.3435792824074074,telephone_montant_date+reference
215471948632089,126942bc-b164-475b-9ccb-9ed52f7cb58c,0.05487123842592593,telephone_montant_date+reference
215471948632089,35f8de63-69d1-4f9f-9ac7-fcb230118961,2.7916161111111113,telephone_montant_date
215471948632089,475c9bb9-0a84-467e-bcfd-fa8fdb7ca402,1.2388016550925927,telephone_montant_date
215471948669627,782baae7-9a79-45ff-8853-667b4d6330d6,0.0514097337962963,telephone_montant_date+reference
215471949253344,55ff325f-e680-460b-9406-80bcda9038ae,0.04910407407407407,telephone_montant_date+reference
215471949286110,38791c5d-562a-4f43-9015-6f769ef3534c,1.8316157407407407,telephone_montant_date
215471949286110,7df0a609-a692-4cb2-b3ca-88fadf5ed1de,0.061180000000000005,telephone_montant_date
215471949344572,454f7f30-614d-4511-86fa-2c19962299ca,0.04555054398148148,telephone_montant_date+reference
215471949401303,a33a12ca-0530-49fb-aae2-d1031043d8b1,0.06931351851851852,telephone_montant_date+reference
215471949401303,ce46ea98-1972-4506-861f-b21ccb9b2415,2.100670949074074,telephone_montant_date
215471949497011,db094071-9ea4-49a3-a6b2-4b8ee35dc628,0.044834293981481484,telephone_montant_date+reference
215471949962930,32e2ec25-3c79-4545-b880-9d190bb89bbd,0.04681925925925926,telephone_montant_date
215471949991017,3c185a4f-eece-47a8-b624-a533caa8b676,0.0472722337962963,telephone_montant_date
215471949991017,5911c8ce-4a69-4191-a00f-c321a8a16f1e,0.8340660763888889,telephone_montant_date
215471950025556,7858c6bd-e9ee-429f-af91-62541bcf7b38,0.07202947916666666,telephone_montant_date
215471950108681,fed615df-67d6-4500-8464-e665a1fbbcfb,0.04893556712962963,telephone_montant_date+reference
215471950156567,e65f25bd-35b9-4114-94a3-e13c90de032f,0.044507685185185185,telephone_montant_date+reference
215471950158319,0065f966-0286-4ade-8920-a4393906c8a9,0.04429319444444444,telephone_montant_date+reference
215471950169173,70533fb1-c41d-4311-b4df-7a20000c9ccb,0.06855237268518519,telephone_montant_date+reference
215471950346212,f365c232-9bea-4dd5-bdd5-4e00d4a87021,0.05503101851851852,telephone_montant_date+reference
215471950708210,afe99d98-016f-4ae6-8c7b-1a1c43315f79,0.08739483796296296,telephone_montant_date+reference
215471950821415,48dedab0-fae3-45ee-b941-bb7c9a82e4f6,0.1663845023148148,telephone_montant_date+reference
215471950863947,8f4df9a7-44ee-4601-8537-0eb7ca0d445b,146.76943454861112,reference
215471950863947,bed5ef51-6d39-4b50-a7f0-9521a0840dec,141.0459287962963,reference
215471950863947,cab903b5-db3d-4949-b3a9-88d7b98ff8dd,-0.7307342245370371,reference
215471950863947,d176a262-4ee6-405b-8028-63f49f4bf6e3,154.08711609953704,reference
215471950920265,90e43eee-9aa0-4cd1-a5cf-338fd0b243b2,2.7493013194444442,telephone_montant_date
215471950920265,d11b71fb-b33d-4346-b44e-7d12aaf8c55a,0.04862787037037038,telephone_montant_date
215471950993879,890ed877-fdf5-4dba-89b4-defcadbaff61,0.046476886574074075,telephone_montant_date+reference
215471951022844,93adc4c1-e73c-4ab1-bee1-95682e15ab3b,0.08197425925925926,telephone_montant_date+reference
215471951184069,1a5ad14e-e407-442b-81c9-3c4e706f4c9f,0.18829228009259258,telephone_montant_date
215471951184069,8eeae241-61c9-406a-8b01-82eb9982fedb,0.04747481481481481,telephone_montant_date
215471951715460,93adc4c1-e73c-4ab1-bee1-95682e15ab3b,0.055087685185185184,telephone_montant_date+reference
215471951824066,448153e2-7a27-4307-8866-82aada9921b3,0.04449721064814815,telephone_montant_date+reference
215471951824066,eceba2bc-d2fe-41d6-bba5-c6c02456b135,2.6302680671296295,telephone_montant_date
215471951886226,35c0a76a-1db1-4541-8406-27fa965efe3f,1.0323072337962964,telephone_montant_date
215471951886226,46d60996-2ab3-45ce-955a-8cdbd82b2876,0.04428763888888889,telephone_montant_date
215471951920940,e9bc78bf-7f4d-4030-b206-7e0224993ec0,0.04409240740740741,telephone_montant_date
215471952037325,b2b77227-19cf-4fae-9e6f-a3d37264a653,0.044208634259259263,telephone_montant_date+reference
215471952124517,3726fd85-373a-408e-b93f-4e0a697d136a,0.04496436342592593,telephone_montant_date
215471952446854,3c0c26f6-d820-4050-81a3-13ae49954f35,0.04761453703703703,telephone_montant_date+reference
215471952446854,e62ad6d6-b521-46f7-a51b-b9b09e40eea8,2.6984930208333333,telephone_montant_date
215471953711049,6872a95e-645f-4fa3-9b9f-6d54a4c9b91c,0.05163172453703704,telephone_montant_date+reference
215471953711049,848f6fb5-a7bb-4367-a620-cb9f5f891561,2.877016863425926,telephone_montant_date
215471954066261,36d0ed26-123a-4458-9eb6-4237bd30a6cd,0.055101446759259265,telephone_montant_date+reference
215471954254788,26b845db-1a1c-410a-a6e9-a584ceef8b55,0.7973495254629629,telephone_montant_date
215471954710632,0c84243a-693b-42b6-8146-efb603dac953,0.05752748842592593,telephone_montant_date
215471955182236,018f29e6-b11a-455c-84dd-4d6c81b19542,0.04654416666666667,telephone_montant_date
215471956382385,16034f99-1303-4427-81fb-99e9b8220114,1.047360011574074,telephone_montant_date
215471956382385,65d0eb1b-8e4b-4d51-bad4-b7a08d7a8c8e,0.15558359953703704,telephone_montant_date+reference
215471956427657,1a38412d-6e33-4ea2-8124-7a53c6170b6e,0.05008498842592592,telephone_montant_date
215471956473001,95ad7d74-64a4-4e27-aeba-d435e487ca1d,0.049786747685185186,telephone_montant_date+reference
215471956567373,4bb99d22-6fb5-4c99-a97f-534ad3626d13,0.04392918981481481,telephone_montant_date
215471956677167,8a76b12f-6343-4ce2-91b4-8b06ef71679f,0.051424907407407405,telephone_montant_date
215471956697692,1a5ad14e-e407-442b-81c9-3c4e706f4c9f,0.04703070601851852,telephone_montant_date+reference
215471956697692,8eeae241-61c9-406a-8b01-82eb9982fedb,-0.09378675925925926,telephone_montant_date
215471956966125,b9832102-b911-46c3-8e54-4adab910736d,0.044137337962962965,telephone_montant_date
215471957287186,17cafe3e-145e-4226-97af-d8a68b0212d7,0.04335453703703704,telephone_montant_date
215471957287186,e8b07c26-8100-4d66-97c7-34ab28019480,0.5911628356481481,telephone_montant_date
215471957427519,c8746512-130c-4e91-89c3-5a20d9b4d5fd,0.057814583333333336,telephone_montant_date+reference
215471958492576,5a6b6612-462d-4b72-bfc2-374449126966,0.05897306712962963,telephone_montant_date
215471958721542,a90790d3-a955-4e57-8810-835e4540a7d4,0.047572858796296295,telephone_montant_date
215471958721542,ea771708-6a74-460d-9697-c7b6f0e6a867,0.047002638888888885,telephone_montant_date
215471959055545,0b59877b-9740-4707-9d21-47ec68c98ef8,0.04749559027777778,telephone_montant_date
215471959478861,1dce43af-d4ac-423b-b9d7-4d4544d11c81,0.04749284722222222,telephone_montant_date
215471959606867,ae0cfd85-97d6-4db9-ab93-665112073633,0.7470884722222223,telephone_montant_date+reference
215471959685288,5bfe2f9c-2622-43fe-9b27-6169e477b5c0,0.353404375,telephone_montant_date
215471959685288,6290fb8b-895b-4837-9c08-dd06f815d494,0.050471342592592595,telephone_montant_date+reference
215471959685288,f58634b3-c901-42be-bb2b-6202fc3d6951,0.04976842592592593,telephone_montant_date+reference
215471959793343,b82973dc-33f8-4b28-867f-666fc0101cb6,0.04767395833333333,telephone_montant_date+reference
215471959845574,e7b2e2b3-94bd-475d-9caf-761fbbcc1f91,0.04430144675925926,telephone_montant_date+reference
215471959851059,c308319b-7eb2-45f3-b0a2-61a7aac6530d,0.04416930555555556,telephone_montant_date
215471959886932,8e78823d-19e8-48e6-a3ad-9fa1c69b6c10,0.30797457175925924,telephone_montant_date+reference
215471960444730,255a52fa-25ca-422f-95b2-053869b75640,0.05057405092592593,telephone_montant_date
215471960444730,d6e091a1-7830-469b-a61e-8914655eb65a,0.05118689814814815,telephone_montant_date
215471960473372,aca457bf-5757-4f27-9b07-bd585189c617,0.0909653587962963,telephone_montant_date+reference
215471961830651,12481e71-d549-46a0-9404-e0b7c1745892,0.046882951388888885,telephone_montant_date
215471961830651,2cb3b3e7-4652-46d3-8e13-79889e8d1c00,0.04643913194444444,telephone_montant_date
215471961830651,c15956ce-3c92-4ff3-a771-c80ccbd17249,0.3872871527777778,telephone_montant_date
215471962382777,99611cfa-19c0-43a3-adc7-a65fc72ad9c7,0.050098750000000004,telephone_montant_date
215471962394993,58788206-3da1-43c7-9185-2ad8e1f493bf,0.0494403125,telephone_montant_date
215471962397496,04bcf605-21d8-4405-8041-5d7b4076a077,0.045479513888888885,telephone_montant_date
215471962397496,2d833e1d-02ec-481f-a89a-943856b7afe3,0.04510559027777778,telephone_montant_date
215471962398898,29a9294d-4db0-47a0-8427-c4fd078be25f,-50.76344114583334,reference
215471962398898,9a94fd97-2b81-4fb3-93b5-eabdb8676ada,15.235453206018517,reference
215471962398898,cdba2d07-af4f-4be2-84e2-ae866d64e632,122.17843489583333,reference
215471962420325,af6d5234-46a8-46c3-8404-e6075310d273,0.4407549537037037,telephone_montant_date
215471962420325,f4c84336-b367-43fd-81f5-852ab227a567,0.044137418981481484,telephone_montant_date+reference
215471962442248,b88cb50e-a4ea-4426-815d-1c3a8168e031,0.04884461805555556,telephone_montant_date+reference
215471962454784,313f3b01-e092-4c46-ae32-35b8fa87a2ac,-0.73522125,telephone_montant_date
215471962454784,40076ca5-a0c3-4592-bf97-292f314ffaec,1.2655949189814815,telephone_montant_date
215471962454784,6927fdf4-0d08-4a6d-bd30-22c43a74b062,-0.7358651273148149,telephone_montant_date
215471962454784,8fc7b4ff-7604-4318-99f4-90cb0ca52316,0.04425517361111111,telephone_montant_date
215471962503253,2ecafc94-43b3-4192-980b-168026454a57,0.2437645601851852,telephone_montant_date
215471962503253,7ed03c8b-18bd-4a03-947a-841ee1fa9a82,0.049197129629629625,telephone_montant_date+reference
215471962533656,f31eb009-4a99-4a11-acec-4703f67878c3,0.04380262731481482,telephone_montant_date+reference
215471962552382,2ecafc94-43b3-4192-980b-168026454a57,0.23558168981481484,telephone_montant_date
215471962552382,7ed03c8b-18bd-4a03-947a-841ee1fa9a82,0.04101425925925926,telephone_montant_date+reference
215471962586753,5bfe2f9c-2622-43fe-9b27-6169e477b5c0,0.04709650462962963,telephone_montant_date+reference
215471962586753,6290fb8b-895b-4837-9c08-dd06f815d494,-0.2558365277777778,telephone_montant_date
215471962586753,f58634b3-c901-42be-bb2b-6202fc3d6951,-0.2565394444444445,telephone_montant_date
215471962625860,93987fd3-242a-463b-8130-edc9640d821f,0.6408482523148148,telephone_montant_date+reference
215471962641431,b36fb8a4-c31a-4af2-a1d8-707ac2c2fdd5,0.0595810300925926,telephone_montant_date
215471962691800,100fe890-12e6-42b0-8cbf-0c6d19f81fcc,0.04482628472222222,telephone_montant_date
215471962767377,32808c13-b226-4cf7-8b0a-33b92becbb02,0.049470532407407404,telephone_montant_date
215471962767377,7844b9e1-df0a-4f1b-b8f9-e2d4351001ba,0.04711238425925926,telephone_montant_date+reference
215471962773742,454f7f30-614d-4511-86fa-2c19962299ca,-0.6128753819444445,reference
215471962807639,32808c13-b226-4cf7-8b0a-33b92becbb02,0.04348673611111111,telephone_montant_date+reference
215471962807639,7844b9e1-df0a-4f1b-b8f9-e2d4351001ba,0.04112858796296297,telephone_montant_date
215471962817619,36c30f13-6c9e-4a32-ac0a-892ed8cd68e1,2.0842611805555555,telephone_montant_date
215471962817619,3c1ad2a9-cafc-4983-b23d-403856631eb6,0.04395787037037037,telephone_montant_date
215471962817619,b75afeb7-bea8-49a0-b9d0-0fa0d85a484d,2.183399965277778,telephone_montant_date
215471962818740,cf89bad1-788a-4062-9e75-a14a0b203118,0.044827928240740736,telephone_montant_date
215471962820701,9077c956-c6f9-4ced-8b7b-e8a14dec3143,0.044280740740740746,telephone_montant_date+reference
215471962829743,40f8a90e-ffb5-4e82-9cf1-9add32eacdb4,0.3976353125,telephone_montant_date+reference
215471962852075,6287f0ef-eda4-428c-8e9c-b7c74f5118e7,0.06266927083333333,telephone_montant_date+reference
215471962862147,6fcd42c6-4cd9-4bee-ad80-ab90ad42913c,-29.907480509259262,reference
215471962916102,ea6f36e6-d475-42b3-baad-9c8b0c7280e3,0.04799966435185186,telephone_montant_date
215471963227379,1945b42c-b1e5-44bf-925e-f1338535957a,0.04867542824074074,telephone_montant_date
215471963253149,0cee9717-61e7-4ba6-a012-7fa9999f4f0a,0.06858133101851852,telephone_montant_date+reference
215471963253149,4582d7e9-84ef-4ea0-873a-58c4b5264288,2.1345758680555558,telephone_montant_date
215471963253149,d352d7ea-5825-458a-8254-6a8ab9226316,-0.9990983449074073,telephone_montant_date
215471963253149,e1ca13d5-f7c6-4f31-9fa1-fd4d397bc134,-0.9285374652777778,telephone_montant_date
215471963412731,d238d5ed-96fe-4c75-9a97-a0c9cbe44941,0.07971613425925926,telephone_montant_date
215471963447544,54fe117b-8476-4e6e-8d0f-a3aca3c5e788,0.07183621527777778,telephone_montant_date
215471963447544,710c51ea-d353-43b8-a7bd-669ef293a4d5,0.055148969907407405,telephone_montant_date+reference
215471963512210,2465008d-45de-41be-97a6-d57db80f7bb0,0.04446188657407407,telephone_montant_date
215471963522536,ce0921b8-ab4b-4415-ad9b-791b8dd06dd8,0.04658291666666667,telephone_montant_date
215471963567488,42895d3d-c489-4de3-a1ef-64f829d645cd,1.3072363078703704,telephone_montant_date
215471963567488,6287f0ef-eda4-428c-8e9c-b7c74f5118e7,0.014035011574074075,reference
215471963700003,3a5736f3-7a91-4367-ab50-e94bfd405977,0.08149310185185185,telephone_montant_date+reference
215471963735332,a33b499b-3cbd-4463-afb5-2f26a0f46299,0.06824219907407407,telephone_montant_date+reference
215471963761253,b5eff751-db5a-4f1e-870c-155325867ff6,15.310497824074075,reference
215471963761253,c9dbd3e3-d4e2-426e-addc-07f63e93719c,132.4979326273148,reference
215471963761253,f8c3ccba-e0fd-4856-b499-16aa26449105,0.06229400462962963,telephone_montant_date+reference
215471963770379,c16bcc1d-dc2b-42e5-a812-f56d45b0f684,0.045084409722222225,telephone_montant_date+reference
215471963895051,36bd73a6-e866-4fb1-926f-a0144f0f7d02,0.21527303240740742,telephone_montant_date
215471963895051,b716a88f-24d9-4722-937b-3c6b2215877b,0.05643550925925926,telephone_montant_date+reference
215471963913949,c993c49f-b334-420e-9851-7ef491e8147a,0.044827349537037035,telephone_montant_date+reference
215471963962297,07d4182e-31a2-446b-90c2-ecfc7715f258,0.05031645833333333,telephone_montant_date
215471964059373,5b1b265b-56b0-4356-bc72-13f1796f6e58,0.11231605324074075,telephone_montant_date
215471964059373,a543bbcd-47f2-4a49-acf3-956c8ed74763,0.05292842592592592,telephone_montant_date+reference
215471964242181,acee3d47-5b32-4659-9daa-21c26e718a12,0.06529956018518518,telephone_montant_date+reference
215471964344585,3b1f3547-f4a8-4579-b832-82c2219253d6,0.04444366898148148,telephone_montant_date
215471964365020,36bd73a6-e866-4fb1-926f-a0144f0f7d02,0.1888957175925926,telephone_montant_date
215471964365020,b716a88f-24d9-4722-937b-3c6b2215877b,0.030058194444444443,telephone_montant_date+reference
215471964521790,313a350c-49d1-4b05-8df8-31fce5583d79,0.04674410879629629,telephone_montant_date
215471964546796,b1c7341d-4d34-46d7-a1f7-61de155a7033,0.049267442129629635,telephone_montant_date+reference
215471964551393,276dde43-2179-4cac-a1ac-e37135267512,0.049531898148148144,telephone_montant_date
215471964567297,a4b9b45c-3eb7-432e-9a59-6a9fb003d05e,0.04483142361111111,telephone_montant_date+reference
215471964590537,17cafe3e-145e-4226-97af-d8a68b0212d7,-0.4968537962962963,telephone_montant_date
215471964590537,e8b07c26-8100-4d66-97c7-34ab28019480,0.05095450231481482,telephone_montant_date+reference
215471964634094,f4f09512-20b4-4dff-b21c-c62eef0ae1f4,0.04964809027777778,telephone_montant_date
215471964668368,6d549792-df2e-4b3f-baa7-9acc4f593621,0.04700537037037037,telephone_montant_date
215471964728151,c1cc0df4-8540-4ee1-a93f-ead37252d9ad,0.04598943287037037,telephone_montant_date+reference
215471964769493,40020c72-1b74-478a-a732-073f8e485566,0.14956274305555556,telephone_montant_date
215471964807496,47c7f4ef-9d4e-46f8-965d-01eb44e124a1,0.04422934027777778,telephone_montant_date+reference
215471964879237,7f030f34-be4c-426d-a529-75be7c5d6f99,0.049506840277777776,telephone_montant_date+reference
215471964880057,0a34d050-fdfa-4adb-9caa-b248e19beb37,0.04485133101851852,telephone_montant_date+reference
215471964910046,af278384-9252-4231-9a89-0de73110e826,0.047290381944444446,telephone_montant_date+reference
215471964915393,954b9a2e-81ae-44a3-a9f4-481387c19079,0.06427318287037037,telephone_montant_date
215471964925033,5b1b265b-56b0-4356-bc72-13f1796f6e58,0.0516216087962963,telephone_montant_date
215471964925033,a543bbcd-47f2-4a49-acf3-956c8ed74763,-0.007766018518518519,telephone_montant_date
215471964956623,17307aeb-f6b1-440e-945e-efb89c13c197,0.05671471064814815,telephone_montant_date+reference
215471964995167,7043a32c-a165-4f00-90b1-f67df2feb548,0.04647439814814815,telephone_montant_date
215471965005859,feb6a483-b5d8-4f4f-a2cc-2a9ebdd251fb,0.051258495370370374,telephone_montant_date+reference
215471965030217,bcda9c57-98d6-46a1-bf71-32387c343b24,0.397736875,telephone_montant_date
215471965054828,9c781cf7-6f52-4161-bb6c-f8af6ffa529e,1.3767272222222222,telephone_montant_date+reference
215471965054828,b749ade0-d69d-4104-9bf5-9ce2a78c1143,0.0438545949074074,telephone_montant_date+reference
215471965074668,04f71b28-7364-4187-a0f3-f3405e3f1887,-49.07033085648148,reference
215471965074668,0661ed7c-504d-46bf-8ed1-238a72404b9d,-63.92598148148148,reference
215471965074668,15044d59-c9c5-41c6-a3b1-6f242ef70cd2,226.33958577546295,reference
215471965074668,152582e2-0782-48fc-946b-9c40e6b6cffe,-66.02951656249999,reference
215471965074668,27b02d36-cf54-4d60-8292-ad0855ccb083,-48.09440344907407,reference
215471965074668,62d6cc20-c8ec-49ff-a411-7828325c0d87,-48.97675627314814,reference
215471965074668,62fccb4f-9085-4739-bce8-445b384b33d0,-50.000846770833334,reference
215471965074668,64897fb8-e7f3-4565-9e14-0fc6fa5f3aca,-46.98710797453704,reference
215471965074668,6ae66e42-e37f-41f9-802b-7488a5861962,-47.021236145833335,reference
215471965074668,70f9a1c7-329d-4be8-a324-d9cbf67ea651,120.97887032407407,reference
215471965074668,749136c0-af8a-4419-bac6-c690539e3d97,-63.74148590277778,reference
215471965074668,783409bd-b518-417e-85c0-d6971644d713,-54.75356662037038,reference
215471965074668,95c4a24d-caa1-422a-bde0-1e9ded28efd8,-47.047880775462964,reference
215471965074668,96cb3cc6-9ec1-4a45-ab99-04177b1f19aa,-67.82684523148149,reference
215471965074668,9afa5a90-a3da-496b-bfdd-6ed41b4981a8,-55.678876620370374,reference
215471965074668,af06a7a0-9473-4036-be9a-a6af8daf1fab,-49.013458437500006,reference
215471965074668,b586af72-d213-47d3-beed-c47ee162b5ef,-67.83664516203703,reference
215471965074668,eb331345-4ad4-467e-8f6b-9fffe2d58217,-53.622022928240746,reference
215471965260419,73e4a8ba-ce8a-4ce9-b399-a6ea5e1418ff,0.04724543981481481,telephone_montant_date
215471965388212,33eda852-c585-4dfb-9d2b-babb7d27a738,0.06386243055555556,telephone_montant_date
215471965453852,d4f2b61c-269c-4235-ab3e-7929934f946c,0.1019126736111111,telephone_montant_date+reference
215471965578678,2906c415-314c-4460-b646-fc9ab5c974a4,0.4665288194444444,telephone_montant_date
215471965578678,9747b816-13c2-4f6f-b74e-d35893398fac,0.4547828472222222,telephone_montant_date+reference
215471965690058,48aec13b-c32f-4238-b114-508e4b706245,0.15827979166666667,telephone_montant_date+reference
215471965727106,b613383d-18d7-4197-b9ef-218169ce18bc,0.05059083333333333,telephone_montant_date
215471965818250,b716a88f-24d9-4722-937b-3c6b2215877b,-0.06337930555555556,reference
215471965843481,dc56f700-8087-4e28-b1d7-5bd4953f0de8,0.0441075,telephone_montant_date+reference
215471965925475,a4b89d32-bff8-4c80-b081-4f2aefce2ac4,0.11887447916666666,reference
215471965990903,b716a88f-24d9-4722-937b-3c6b2215877b,-0.07344875,reference
215471965994922,d760af67-80ed-40e3-96a8-822e057416df,0.04569876157407408,telephone_montant_date+reference
215471966052314,12481e71-d549-46a0-9404-e0b7c1745892,-0.2964619560185185,telephone_montant_date
215471966052314,2cb3b3e7-4652-46d3-8e13-79889e8d1c00,-0.296905775462963,telephone_montant_date
215471966052314,c15956ce-3c92-4ff3-a771-c80ccbd17249,0.04394224537037037,telephone_montant_date
215471966194959,93b33004-d291-4075-847c-07efde82cc11,0.05354438657407407,telephone_montant_date
215471966280424,4c668e26-67ec-4090-b35c-0509e0a09f0a,0.04455313657407407,telephone_montant_date
215471966355834,9d36212d-d3ce-4758-9f4a-e27a74edd368,0.04815700231481482,telephone_montant_date
215471966514769,12e40928-f490-4df8-a831-1173248ab602,0.06742611111111112,telephone_montant_date
215471967501879,adccf1e7-73ff-44a6-8621-277a9370ea2c,0.047291122685185184,telephone_montant_date
215471967566376,62d44fb1-9b28-430c-9cc9-68105bd03500,0.04421987268518519,telephone_montant_date
215471968577973,c2bc9772-03a1-4426-8e41-9349125ffb95,0.04588081018518518,telephone_montant_date
215471968581013,54247d1b-e219-49c3-93ac-c060b6dca52f,0.08752167824074074,telephone_montant_date
215471969032722,f280bc3e-1e18-4a1b-ab92-2277bbf90ff9,0.04687524305555556,telephone_montant_date
215471969088261,ae309177-adf9-42ad-8ea4-6508c3058f87,0.058518506944444444,telephone_montant_date
215471969643216,963ed2f0-9e8b-4c34-b3a3-b56aa2390625,0.04804918981481481,telephone_montant_date
215471969814576,af6d5234-46a8-46c3-8404-e6075310d273,0.04396097222222222,telephone_montant_date+reference
215471969814576,f4c84336-b367-43fd-81f5-852ab227a567,-0.3526565625,telephone_montant_date
215471970166248,0827375f-cb00-4a4b-bdd4-6cb12bbe3ba1,0.07264256944444444,telephone_montant_date
215471970275806,94f703bd-542b-4c1f-864b-c3ab32cdd7d9,0.04730795138888889,telephone_montant_date+reference
215471970428043,57dad6b4-bdce-4eb3-a326-b0a40ff004cd,0.05106449074074074,telephone_montant_date
215471970711553,551f0808-10e3-4d28-b317-fe270e692088,0.04775314814814815,telephone_montant_date+reference
215471970910498,b716a88f-24d9-4722-937b-3c6b2215877b,-0.2409140277777778,reference
215471970939710,44b480a0-123c-4eab-920f-c7035bd87660,-0.16677061342592592,telephone_montant_date
215471970939710,896d6373-c798-420a-846f-d83345b4f0ca,0.04667251157407407,telephone_montant_date
215471971219188,be6a3c5b-ec12-4c49-aa3c-1749e46ad3e8,0.04570101851851852,telephone_montant_date+reference
215471971304368,639ed48d-3e7e-4a48-82ed-e59471caac03,0.047986724537037034,telephone_montant_date+reference
215471971937513,425574ba-3ec1-4a8e-bdbb-af11e8f2fdb5,0.05252471064814815,reference
215471972050901,95afeaca-560e-4009-ad36-36034aa25d46,0.043605578703703705,telephone_montant_date+reference
215471972404936,5cb34e1b-9f64-485c-bc3d-240506ba295d,0.045869340277777775,telephone_montant_date
215471972807505,a3bd4865-96de-4012-be2a-fe506da87c13,0.04816541666666667,telephone_montant_date+reference
215471972847917,821450da-4786-4da8-9ef3-efb484c322ad,0.04809787037037037,telephone_montant_date
215471972973223,4902eee7-bfbd-4f2d-9464-c94f0b2f20fd,0.04348431712962963,telephone_montant_date
215471973982840,36bd73a6-e866-4fb1-926f-a0144f0f7d02,-0.18223854166666667,telephone_montant_date
215471973982840,b716a88f-24d9-4722-937b-3c6b2215877b,-0.34107606481481484,telephone_montant_date+reference
215471975110827,20df2a5e-2fd5-47c8-a794-d53f01575d00,0.04364252314814815,telephone_montant_date
215471976076845,04e373d4-f0b5-4e01-a96e-31016abe6a27,0.04942870370370371,telephone_montant_date
215471976284014,98a2258f-67f1-4022-bdaf-b3a3831c2049,0.055719050925925925,telephone_montant_date
215471976418401,22985f41-0f84-405f-9fce-40b355b72630,0.04556908564814815,telephone_montant_date+reference
215471976418401,8f13bc60-95e7-4fc7-8b46-1d91d0f3cc84,0.044887060185185186,telephone_montant_date+reference
215471977135097,6de9a1f5-1d2e-400f-83cc-ce3977cf2b69,0.05392994212962963,telephone_montant_date
215471977217308,bc2648e0-df18-4eff-9bb9-9d1f7a479a4a,0.10090844907407408,telephone_montant_date+reference
215471977786459,3db64234-32d2-42c2-8d37-513890c19784,0.059858171296296295,telephone_montant_date
215471978250265,2906c415-314c-4460-b646-fc9ab5c974a4,0.05166770833333333,telephone_montant_date+reference
215471978250265,9747b816-13c2-4f6f-b74e-d35893398fac,0.039921736111111106,telephone_montant_date
215471978799795,9c0edc81-6f19-4847-b8cf-06792b272b40,0.05539543981481482,telephone_montant_date+reference
215471979203776,aa4cd805-44c7-4ff1-be9b-a46a36db4765,0.05351305555555556,telephone_montant_date
215471983105648,406bbdc9-2ae1-464c-99aa-553829f9c27e,1.3084899421296297,telephone_montant_date
215471983105648,f3e885a1-5f7d-4eb6-849f-a664bed347de,0.049395868055555556,telephone_montant_date
215471983890511,b3d69c2e-3734-44bb-b44e-2afdae20e2eb,0.054639537037037035,telephone_montant_date+reference
215471984943041,3d8524e2-9ab7-47bc-a42e-f295023635e5,0.07638836805555556,telephone_montant_date
215471984943041,f4a9900a-f734-474e-aefd-92b313f737ee,2.3818099537037036,telephone_montant_date
215471985326637,d535b3d4-b16b-4c2a-a16e-2cc93aecd749,0.043522465277777776,telephone_montant_date+reference
215471985328393,dc4115ed-b327-4656-ae71-6fb708eb200f,0.04616813657407408,telephone_montant_date
215471985471082,f225d310-62bf-4dab-a040-dccfd0f663cb,0.05495877314814815,reference
215471985482047,17b13fa8-5414-49d1-bf95-15d82c8b3ab7,0.06091835648148148,telephone_montant_date
215471985835930,5925d226-4754-454b-896a-4a8915293e01,0.21540201388888888,telephone_montant_date+reference
215471985835930,b3ac5073-25a0-4a58-9e10-ec5bb1b6ba3f,5.3473430092592595,reference
215471985835930,b820ea73-e10a-44fe-8f4d-1ea5e95a982f,0.2160444328703704,telephone_montant_date+reference
215471986196122,523af359-1fa9-4bf7-9eaa-3449e53af9bd,0.06240258101851851,telephone_montant_date
215471986232473,f848ecff-a82b-4890-beb8-a5194639f35b,0.05576704861111111,telephone_montant_date+reference
215471986463830,09c2c93f-ec18-4bf6-a6ad-c0603d5f9c4c,0.046982442129629626,telephone_montant_date
215471986475046,5f1c32bb-2126-43bb-8ed5-55920c06697e,1.0100842245370372,telephone_montant_date
215471986553702,ba7a74cc-cf70-4538-901b-7f405e5529ea,0.08137975694444445,telephone_montant_date+reference
215471986561737,260916ba-a340-4742-a09d-566ec218811f,0.04969111111111111,telephone_montant_date+reference
215471986601000,cca4e7dd-8325-4e0e-a3fa-99e48207b2c1,0.04367423611111111,telephone_montant_date+reference
215471986640754,38791c5d-562a-4f43-9015-6f769ef3534c,0.050469907407407415,telephone_montant_date
215471986640754,7df0a609-a692-4cb2-b3ca-88fadf5ed1de,-1.7199658333333334,telephone_montant_date
215471987307465,69b48405-ae0e-4ddf-a6e7-757768387e14,0.16966738425925926,telephone_montant_date+reference
215471987662792,437be14b-d88d-47fe-a7b7-bf410448bd93,0.04472084490740741,telephone_montant_date
215471987714313,bd1cf8e5-c5ec-43fa-ba82-27e7eea5ac03,0.04700832175925926,telephone_montant_date
215471987984043,2d14a97d-3e5e-41d7-9c9e-26f6422df676,0.08946418981481481,telephone_montant_date
215471988140318,3990ab13-0c3f-4756-9676-ac608d0e7107,0.046270439814814816,telephone_montant_date+reference
215471988146771,98acfd72-b5a2-494b-8cb1-9db87304f4f5,0.14169734953703703,telephone_montant_date
215471988146771,a47a7f14-b7ea-41de-b237-47388c21f213,2.260520740740741,telephone_montant_date
215471988243281,258efc72-b5e7-4d17-9e86-379595eb78dd,0.04641570601851852,telephone_montant_date
215471988596550,8a9c4d61-2644-463c-9bc3-b68c203b15d9,0.04683504629629629,telephone_montant_date+reference
215471989031568,bfe3eae6-90de-4d3a-bf0c-9d366596f052,0.04447322916666667,telephone_montant_date
215471989414911,428dfe5f-8e09-4dd8-833f-036aaa6c8dab,0.16522217592592592,telephone_montant_date
215471989414911,89001007-f04b-4009-b6d6-2428503d77da,0.04416773148148148,telephone_montant_date
215471989414911,ea614a8d-e2ac-47ad-875b-c1814a78dfd8,0.04351753472222222,telephone_montant_date
215471990180898,45c6361c-f03e-46ba-807b-cf3ae1613871,0.0931500462962963,telephone_montant_date
215471990199155,280f6d66-7979-401a-bbc1-18edc995f0d4,2.9277778356481483,telephone_montant_date
215471991043043,7c05ac41-6396-47f9-af96-1f62fb778793,0.04337055555555555,telephone_montant_date
215471991121353,2ecee892-8966-4100-a755-88d3e3a4436d,0.050512673611111114,telephone_montant_date+reference
215471991217741,42895d3d-c489-4de3-a1ef-64f829d645cd,0.04346315972222222,telephone_montant_date
215471991241735,ab3ecee2-3c48-4230-a2ca-9c6a5e01b161,0.057937615740740744,telephone_montant_date
215471992262990,66a1b49a-c0e6-4f86-a893-c880b97403dc,0.9641075000000001,telephone_montant_date
215471992262990,efeabe69-4d86-4173-8206-b822490754e4,0.7631912268518518,telephone_montant_date+reference
215471992420383,71d011b9-87f2-4b04-99d5-985f79a860e6,0.043844097222222225,telephone_montant_date+reference
215471992484870,5a85e099-553f-47ad-99c4-5b2ebdfa8a40,0.08334739583333334,telephone_montant_date+reference
215471992725576,923fcc99-7f41-46c4-a47f-585e19b42cb3,0.047524166666666666,telephone_montant_date
215471992764541,e32e4263-7a7d-411d-8d4f-f6559582832b,0.04423888888888888,telephone_montant_date
215471993251312,fdc4ffa3-942f-4e0e-9d97-46395d4aecb5,0.0473128587962963,telephone_montant_date+reference
215471993882834,22de1c11-f6e8-4112-95be-324bd359e622,0.08353771990740741,telephone_montant_date
215471994683537,cd0bc140-046e-43f6-ab85-78c0e7d7f089,0.04690554398148148,telephone_montant_date
215471994778967,41c4fa67-3c66-42be-b759-1ad034bde115,0.04850846064814815,telephone_montant_date
215471996157162,8f9a6597-96d0-4bb1-ade9-ad7b10f02c09,0.044163865740740736,telephone_montant_date+reference
215471997433125,66c60707-480e-41b8-8ef5-8f62273c7b81,0.04613108796296297,telephone_montant_date
215471998567448,141f7a73-23c1-47b1-9a3b-1c3f1d2072be,0.044594618055555556,telephone_montant_date
215471998567448,1bb594d6-8575-4002-a9b5-1f85da998406,0.521567037037037,telephone_montant_date
215471998567448,6853c1ee-dae6-44e0-b21d-da83f0e9ff45,0.04394018518518518,telephone_montant_date
215471998567448,82900a59-5fab-4e70-adf1-c914c1dce3d4,-2.2812344212962965,telephone_montant_date
215472002925938,d4d851e4-bfc7-4c1c-a39c-ac112f689589,0.054636493055555554,telephone_montant_date
215472003648708,c93ee3e3-17c5-4fbe-908c-746f39748f57,0.07260557870370371,telephone_montant_date+reference
215472004167610,58a760b7-a86a-452e-aae5-f5aa30f6944e,0.04702746527777778,telephone_montant_date+reference
215472004247240,42918997-78f0-449c-b744-cdb7dc724798,0.04856501157407407,telephone_montant_date
215472004421190,8dfc2614-32b0-4793-92d6-4ccdc4d3a2f1,0.05904048611111111,telephone_montant_date
215472004443155,8a432ed2-2f82-48a7-bd16-c4ca7d177221,0.04680821759259259,telephone_montant_date+reference
215472004759759,36c30f13-6c9e-4a32-ac0a-892ed8cd68e1,0.04427275462962963,telephone_montant_date+reference
215472004759759,3c1ad2a9-cafc-4983-b23d-403856631eb6,-1.9960305555555558,telephone_montant_date
215472004759759,b75afeb7-bea8-49a0-b9d0-0fa0d85a484d,0.14341153935185186,telephone_montant_date
215472004788446,d9a9ae3c-6c84-4529-a3d5-1e6f381bcc99,0.053913171296296296,telephone_montant_date+reference
215472004788446,ed3b7a91-db28-40bb-ba25-4cd45a445440,0.05459640046296296,telephone_montant_date+reference
215472004814243,9c6485ef-6282-4021-8b78-d4bafb4e90a4,0.04525467592592593,telephone_montant_date
215472004828447,c4e3ba3e-2138-4f2c-a1d5-c8a6e5513bbb,0.05949157407407408,telephone_montant_date+reference
215472005938767,f186ad63-9609-4021-8cdb-6c604e8043ea,0.05155445601851852,telephone_montant_date+reference
215472006181427,0cee9717-61e7-4ba6-a012-7fa9999f4f0a,-2.0215807060185185,telephone_montant_date
215472006181427,4582d7e9-84ef-4ea0-873a-58c4b5264288,0.04441383101851852,telephone_montant_date+reference
215472006537467,56278a5c-5d73-4356-a3e4-f066c43bf60a,0.05588585648148148,telephone_montant_date
215472006581506,55b3a914-eede-4033-aa18-61873eeab932,0.0472590625,telephone_montant_date+reference
215472006605425,362df9c6-7203-4e0b-9d26-018543add5b0,0.04380486111111111,telephone_montant_date+reference
215472007145735,4a0719fe-beea-4123-9fd9-3ae1f06482f2,0.06288064814814814,telephone_montant_date
215472007778563,f470c7f9-d7ab-49be-95e7-9ef7e53689c8,0.05035646990740741,telephone_montant_date+reference
215472008667188,2249c5e1-b677-4ded-b370-90893dcaf15b,0.04364233796296296,telephone_montant_date
215472008667188,cf947e05-9757-4d81-962f-00f0005005f1,2.877295486111111,telephone_montant_date
215472008859617,8ba38af2-fc11-4524-a859-47b73a9351b1,0.13187805555555554,telephone_montant_date
215472009056476,ec0b262f-e495-48d3-905b-b83fd7cefe7c,0.05130560185185185,telephone_montant_date
215472012187260,f05ec40d-c63f-4648-b8ad-a774e6df0954,0.057510659722222225,telephone_montant_date
215472013578526,6872a95e-645f-4fa3-9b9f-6d54a4c9b91c,-2.775104386574074,telephone_montant_date
215472013578526,848f6fb5-a7bb-4367-a620-cb9f5f891561,0.05028075231481481,telephone_montant_date+reference
215472013578526,db6309a6-c363-49d0-a9ba-7523b514cb22,1.140231423611111,telephone_montant_date
215472013618984,7333b4ed-7466-482a-8eb6-841b5f5680bb,0.046695231481481476,telephone_montant_date
215472013793418,089f1682-4e9a-49df-a855-ec0672bd7bcc,0.07945076388888889,telephone_montant_date+reference
215472013793418,9d7488f9-faf9-4d61-b64a-86b441c907e3,0.0801348263888889,telephone_montant_date+reference
215472014353529,788e68f4-d8b6-4235-8f1d-2f13d075ce55,0.052029351851851854,telephone_montant_date+reference
215472014789414,2ecee892-8966-4100-a755-88d3e3a4436d,-0.9915938078703704,reference
215472015522243,40046f3d-fbb5-494f-a6e8-b654377597df,0.047700763888888886,telephone_montant_date
215472015840085,7482d15f-6e80-462d-8fc1-0182146f98f5,0.049737164351851854,telephone_montant_date
215472016813379,431363a8-2e83-4819-91b0-958ad0283c66,1.5489771180555554,telephone_montant_date
215472016813379,f3e8f8d1-5e61-4551-8ee1-9158bb5f92ad,1.5483413657407405,telephone_montant_date
215472017108917,1447a5a6-8edc-43ab-a1f9-b92467a22cc0,2.796379675925926,telephone_montant_date
215472017108917,87725663-b617-43a1-9159-85433c2d84a7,0.050690289351851846,telephone_montant_date
215472017555744,079d2960-d4b0-49e5-b4c4-7484304e97aa,1.590592638888889,telephone_montant_date
215472017555744,90b433c1-9090-4f0f-937c-bbbfd0898a50,1.591218252314815,telephone_montant_date
215472017555744,9c149374-50d4-4cc3-aef9-1be06df05ca6,0.04700915509259259,telephone_montant_date
215472017661979,079d2960-d4b0-49e5-b4c4-7484304e97aa,1.5869583796296296,telephone_montant_date
215472017661979,90b433c1-9090-4f0f-937c-bbbfd0898a50,1.5875839930555558,telephone_montant_date
215472017661979,9c149374-50d4-4cc3-aef9-1be06df05ca6,0.04337489583333333,telephone_montant_date
215472019383820,3d8524e2-9ab7-47bc-a42e-f295023635e5,-1.4256486689814816,telephone_montant_date
215472019383820,f4a9900a-f734-474e-aefd-92b313f737ee,0.8797729166666667,telephone_montant_date
215472020942434,0cee9717-61e7-4ba6-a012-7fa9999f4f0a,-2.4364881134259258,telephone_montant_date+reference
215472020942434,4582d7e9-84ef-4ea0-873a-58c4b5264288,-0.3704935763888889,telephone_montant_date
215472021760550,40d14efe-08e5-4844-9b08-8f9d539e1636,0.4764121990740741,telephone_montant_date
215472021760550,6ad363f0-54ca-43a2-842d-f6abd75876dc,2.4891315509259258,telephone_montant_date
215472021760550,8425dabb-5e36-48fe-8d2b-3d25f997d9bf,0.052924652777777775,telephone_montant_date
215472024579694,685473a8-478c-48c4-a4c6-cec08eafd345,0.04487072916666667,telephone_montant_date+reference
215472025036605,adaa85a4-2622-47b2-8e85-5daa7b9a3a37,0.0441840625,telephone_montant_date+reference
215472025700276,6e4e52e5-6e2e-4071-8205-a10232c3a02c,0.04555103009259259,telephone_montant_date
215472025700276,8a72cadc-a9f8-4dcb-8f96-0d9353bce019,2.476023090277778,telephone_montant_date
215472025700276,ae908e83-08cb-4e57-9eba-d3a8eecc411c,0.04514695601851852,telephone_montant_date
215472026268303,54f052be-378a-4bd5-bd1f-943e48f3d3a9,0.04513599537037037,telephone_montant_date
215472028785809,b67b4537-d66a-4ccf-9c75-77989e20d037,0.05042747685185185,telephone_montant_date
215472029029612,8c66f5c6-7669-4364-98b9-51044f252bd4,0.043849467592592596,telephone_montant_date
215472029405802,65b65139-bcf9-48fc-b4b1-ac4d8107a3a1,0.04480478009259259,telephone_montant_date+reference
215472029494961,40d14efe-08e5-4844-9b08-8f9d539e1636,0.04407423611111111,telephone_montant_date
215472029494961,6ad363f0-54ca-43a2-842d-f6abd75876dc,2.0567935879629626,telephone_montant_date
215472029494961,8425dabb-5e36-48fe-8d2b-3d25f997d9bf,-0.37941331018518515,telephone_montant_date
215472029504120,38fe99fe-4d0e-4606-a15d-13249a4dd67e,0.06626612268518518,telephone_montant_date+reference
215472029514163,b0ebc566-f909-4692-862e-0d18ecb6c76f,0.05012826388888889,telephone_montant_date
215472029824202,92fd84be-bef7-4206-b345-8282e515efe9,0.04704733796296296,telephone_montant_date
215472029899943,f7ff6aa1-9585-4734-8015-8e29d4994879,0.2072072800925926,telephone_montant_date+reference
215472029983655,712d34e7-8e1f-4cac-8ed3-3e0865d83307,0.04705732638888889,telephone_montant_date+reference
215472030259250,02b2e597-128d-47ee-8b76-50574feb365a,0.048899074074074074,telephone_montant_date
215472030369065,894b855b-a77c-4eee-8a45-06cc5dd79ede,-1.7758643981481483,telephone_montant_date
215472030369065,96871001-c1d1-487e-b6c3-d5acae37a3bb,0.047203055555555554,telephone_montant_date
215472030568301,452ed81f-c910-44d2-889f-80b1c2501a7b,0.051949861111111106,telephone_montant_date
215472030599327,d82b3990-6853-41c8-aa69-663c605c7e16,0.050060393518518514,telephone_montant_date+reference
215472031069764,0d54d523-4167-4491-89f1-20d8ecca9d66,-1.0831626388888889,telephone_montant_date
215472031069764,f3658700-c635-4663-8f0a-c2eb3c29a31d,0.04329881944444444,telephone_montant_date
215472031121150,88fd7c12-dd7b-4e47-abf3-87b7847bbc7f,0.04836730324074075,telephone_montant_date
215472031678237,4c23b3ad-bb06-40aa-a23d-6ee0d0f8a3f5,0.04961248842592593,telephone_montant_date+reference
215472032185434,8c7e1fae-83ca-494a-8c61-01e9fdfe7a17,0.04508869212962963,telephone_montant_date+reference
215472033292493,005e3fe3-7487-409c-bcd8-8cab46a1dc7d,0.04836251157407407,telephone_montant_date+reference
215472033292493,386cb244-a658-4749-b5ae-3ebca0d3a6f8,1.7428099305555556,telephone_montant_date
215472033306449,efc25e49-58e8-4dfd-8d3f-a4dc3571d0c2,0.04661891203703703,telephone_montant_date
215472033380515,28f52121-da82-41f1-b7cd-8f96fa4d7e37,0.0475806712962963,telephone_montant_date+reference
215472033455690,dc8844c8-f126-47da-9646-b3f5a2127ca3,0.05908699074074074,telephone_montant_date+reference
215472034561328,81a33008-6942-42fd-873b-cc1a6c6033ab,2.4801509375,telephone_montant_date
215472034561328,cdc47d3e-003c-49cb-a118-1eaeb757e48e,0.05692944444444444,telephone_montant_date+reference
215472036317815,19f7c3a6-2b8e-497b-a9fa-aa66afefc67c,0.04861859953703704,telephone_montant_date
215472036715780,a9bc237d-4696-48e4-85ee-a82760941d4e,0.5670225462962963,telephone_montant_date
215472037182305,8292afa2-4273-4609-8f38-9b33a192b409,0.04320967592592592,telephone_montant_date
215472037460523,ff5ecd3b-fc40-4642-a828-786110ee1d57,0.049196689814814815,telephone_montant_date+reference
215472037544697,30810c0b-df35-45bb-ac63-48e5a59e0124,0.04497944444444445,telephone_montant_date
215472037544697,4e9c807b-6f44-4763-a648-403569b8e1a1,0.044545,telephone_montant_date
215472038246991,d899e997-7f44-4ff2-be3a-1144f29c2964,-29.345968437499998,reference
215472042032821,d9027ede-5030-42d1-a7b9-8f70537c8d30,0.047673090277777774,telephone_montant_date+reference
215472042578974,f8aa34bd-cf63-4eac-bdc8-57e203bf0bcd,0.050255810185185185,telephone_montant_date
215472042780538,0cbe9cea-9d9e-44f0-ad0b-a7872c5aa505,0.04452234953703704,telephone_montant_date
215472042780538,910d04ba-5794-4867-a581-42093d9ce277,1.242492662037037,telephone_montant_date
215472042889822,1829839e-0470-4d1b-92ab-db67789d4a23,0.05043743055555555,telephone_montant_date
215472042889822,291d4857-8395-4163-97ad-9253cc197e57,2.2396264120370373,telephone_montant_date
215472043272828,71d011b9-87f2-4b04-99d5-985f79a860e6,-2.828088773148148,telephone_montant_date+reference
215472043527057,b71320de-9b63-4b01-a0ad-ab1833b3a583,0.044150393518518516,telephone_montant_date
215472044268624,8ebf0ba7-3350-433a-9aaf-87ed4686b456,0.044497997685185184,telephone_montant_date
215472044339751,9a98ebe7-9ed5-4ac4-8ae2-e7ebc1d1cd9d,0.047532164351851855,telephone_montant_date+reference
215472047085650,378bedb3-3408-484c-b1fa-bb7898b88f6c,0.045533912037037036,telephone_montant_date+reference
215472047461555,2023a80a-1d59-4f9f-a952-e19bb7045a33,0.045646909722222226,telephone_montant_date
215472054246495,66a81cdb-1a61-433d-be05-479e87c2028d,1.1949573958333333,telephone_montant_date
215472054246495,686f19a6-0aba-495e-b2a2-25acadeb4db2,0.043842766203703705,telephone_montant_date
215472054246495,7ea73d89-7d35-4d41-8c82-49d4139b1ef2,1.1956368981481482,telephone_montant_date
215472054305944,38103978-dc49-4cd9-935e-91834fa40275,1.0785920833333333,telephone_montant_date
215472054305944,98599af9-3801-4ac1-a614-36af7843834e,1.0792491319444444,telephone_montant_date
215472054403341,40d14efe-08e5-4844-9b08-8f9d539e1636,-1.966874837962963,telephone_montant_date
215472054403341,6ad363f0-54ca-43a2-842d-f6abd75876dc,0.04584451388888889,telephone_montant_date
215472054403341,8425dabb-5e36-48fe-8d2b-3d25f997d9bf,-2.390362384259259,telephone_montant_date
215472054419924,95ac6661-4d07-42d0-aa03-a5f163139a75,0.05012501157407408,telephone_montant_date
215472054791378,378bedb3-3408-484c-b1fa-bb7898b88f6c,-0.5759012731481482,telephone_montant_date+reference
215472055106559,b960ea1e-b3f1-4652-8ce1-95951fa4d94c,0.04575125,telephone_montant_date
215472055374751,b7377420-c1d1-4323-957b-2c0c2d9c3475,0.05559049768518519,telephone_montant_date+reference
215472055572243,a1f9feaa-d3ed-4ff1-b5fa-8452150fb54e,0.05006085648148148,telephone_montant_date+reference
215472055607837,9b71e60d-e804-480b-afea-5e2ea3ffa3ac,0.04512202546296296,telephone_montant_date
215472055768477,37220ff1-8d01-4a0a-8f73-cf96b9bb305a,0.04424883101851852,telephone_montant_date+reference
215472056098005,e4469155-c106-4c45-8b86-3716da62d139,0.050558657407407406,telephone_montant_date
215472057173012,0df2849e-dc59-4ce4-8644-6663d56ea588,0.11553398148148149,telephone_montant_date
215472057268909,218a74ab-9318-46ed-adac-d906201357b7,0.047617893518518514,telephone_montant_date+reference
215472057755611,1447a5a6-8edc-43ab-a1f9-b92467a22cc0,0.05126393518518518,telephone_montant_date
215472057755611,87725663-b617-43a1-9159-85433c2d84a7,-2.694425451388889,telephone_montant_date
215472057868696,288a2b25-b551-4145-b163-503ed26e7acd,0.046262187499999996,telephone_montant_date+reference
215472058622449,0569c157-515f-4abb-8823-4fcb8b577d18,0.04879028935185185,telephone_montant_date+reference
215472058874759,ecfaf7fd-f768-48e2-bf98-970d3998058a,0.13958342592592593,telephone_montant_date+reference
215472059063430,c9da62c1-363a-4859-a944-781c5cb2f5c3,0.0704327662037037,telephone_montant_date+reference
215472059196834,2271d542-116a-4aba-982c-3fdb295651dd,0.04383428240740741,telephone_montant_date
215472059970117,690eac7a-a4b6-4126-b0b9-9a67e2400f98,0.04479989583333333,telephone_montant_date
215472061128383,c0c7a5b7-033a-4e9e-9c6a-a579c3a95aaa,0.0443474537037037,telephone_montant_date+reference
215472061500300,956ce1f8-7e1f-4db4-af91-59596895a1cf,0.04335763888888889,telephone_montant_date
215472062227746,391269f5-2b6f-43c3-bb88-2fa6599b5bf2,0.04439648148148148,telephone_montant_date+reference
215472062739976,f8182587-ff3c-44e2-93b8-c5b5dbbb555e,0.05825025462962963,telephone_montant_date+reference
215472063464205,b5eff751-db5a-4f1e-870c-155325867ff6,10.02642375,reference
215472063464205,c9dbd3e3-d4e2-426e-addc-07f63e93719c,127.21385855324075,reference
215472063464205,f8c3ccba-e0fd-4856-b499-16aa26449105,-5.221780069444445,reference
215472063488606,59d66af4-7f19-43bb-b578-f0951b1db5fd,1.0048069675925926,telephone_montant_date
215472066455056,c66bfa2c-8faf-475a-9388-3cc8d5726201,0.055497222222222226,telephone_montant_date
215472067355807,25ed6646-0576-4208-8201-abb69bb478b6,0.05436425925925926,telephone_montant_date+reference
215472067804086,aea973f3-b8a5-47f9-82fd-d8b9de7d799d,0.04391333333333333,telephone_montant_date
215472068365762,3733712e-632b-4116-b2d4-ea545b010d30,0.049900671296296294,telephone_montant_date+reference
215472068426974,0377da06-20a8-4445-8bc1-d92a79f94081,0.046989583333333335,telephone_montant_date
215472068426974,90ec4955-0da7-4385-a502-291a05bf6bda,0.04630591435185186,telephone_montant_date
215472072390569,20649a23-9e4c-4f77-980a-7b4c82b0827a,0.04879539351851851,telephone_montant_date
215472072390569,284f1269-6ae6-49ea-9128-ac41e9b6dfec,0.04923055555555556,telephone_montant_date
215472073297362,045b3adf-9f8d-4fea-90b8-9696c5e83d5c,0.04835142361111111,telephone_montant_date
215472078453844,81a33008-6942-42fd-873b-cc1a6c6033ab,0.05347269675925926,telephone_montant_date+reference
215472078453844,cdc47d3e-003c-49cb-a118-1eaeb757e48e,-2.3697487962962964,telephone_montant_date
215472079135521,417245ca-a803-45bd-8dbd-857fda38214f,0.05086368055555556,telephone_montant_date+reference
215472079570550,e175a5a2-e4a0-4f91-99e2-6b8bb32eaf1e,0.04652537037037037,telephone_montant_date
215472080031600,87be4576-25dd-4c5d-8e48-026a67e76dc2,0.046603275462962966,telephone_montant_date
215472080031600,9ebf9722-09bd-4a50-b58f-d6fb263a7fbc,2.166680659722222,telephone_montant_date
215472080098202,eac817df-5bc1-4e8c-b682-953f66dd1580,0.05082766203703704,telephone_montant_date
215472080178534,e09ca74f-d18c-42cf-b694-ef976f363a2f,2.1567069560185184,telephone_montant_date
215472080178534,fb432085-1f82-40ac-8cbd-cd2698719e93,0.04642072916666667,telephone_montant_date
215472080255294,341d0134-5f67-4a9c-b695-7c513fd1905b,-59.97477215277778,reference
215472080255294,4ba22724-3896-48cc-98a6-88eb727417b9,-58.494418888888895,reference
215472080259234,b3674fc1-54f2-4ee6-96d4-4dc8ad1a3c52,0.051041249999999996,telephone_montant_date
215472080324764,70b6a666-bc2e-4679-a4a9-28a69ba1d165,0.2778375,telephone_montant_date
215472080324764,df675cc1-0eb8-4572-aee0-006164d5791e,0.2785255324074074,telephone_montant_date
215472081202922,2c35ed66-2f09-4fa5-a5e9-233d4824c9d5,0.05201181712962963,telephone_montant_date
215472081567876,c61767d0-20fe-48c9-aec8-2b99ac42caa0,0.04736199074074074,telephone_montant_date+reference
215472081617078,66a81cdb-1a61-433d-be05-479e87c2028d,0.04533934027777778,telephone_montant_date
215472081617078,686f19a6-0aba-495e-b2a2-25acadeb4db2,-1.1057752893518518,telephone_montant_date
215472081617078,7ea73d89-7d35-4d41-8c82-49d4139b1ef2,0.04601884259259259,telephone_montant_date
215472081663040,ebf08c5d-0f8c-4bb6-b679-b346ed6e12e3,0.047274050925925924,telephone_montant_date
215472081693118,e68acb70-b6f2-4a62-b106-3c5c7c3c3ff5,0.04393516203703704,telephone_montant_date+reference
215472081702059,632122f4-33d7-4d78-9615-e0c745138016,1.3234664120370372,telephone_montant_date
215472081702059,7ddbaa04-0e94-4838-9883-c470042a3e0e,0.044948645833333335,telephone_montant_date
215472082049110,43a47859-497b-4816-86ab-872ca6d6c899,1.2316638078703703,telephone_montant_date
215472082049110,71b26637-7ad5-45ce-be19-70bb5a0f1618,0.04642189814814815,telephone_montant_date
215472082478322,c7b6dfad-dfaf-4cdc-bdde-016d76e72fc2,0.04874913194444445,telephone_montant_date+reference
215472082538397,a15ee6d6-cf8b-4720-9995-210b0863e001,0.04911327546296296,telephone_montant_date
215472082600515,8d08d2b7-92f6-49d1-9c7a-8088f2c45cee,0.047680011574074074,telephone_montant_date+reference
215472082801339,0facf502-8db4-4da8-8fc7-266a0cadf073,0.048143958333333334,telephone_montant_date
215472082801339,39c4a0be-d186-4072-8bf6-0514d7c1e2f4,0.04744038194444444,telephone_montant_date
215472083506701,b8ab7cb4-1e9f-4733-85e5-dda863143eaa,0.04398697916666667,telephone_montant_date
215472083628896,b99bcc30-8296-4d31-b593-831436316fd9,0.0514578125,telephone_montant_date+reference
215472084536860,5874e85e-02b5-4979-a739-4d83896d2d2e,0.04713842592592593,telephone_montant_date
215472084536860,c41d21ac-17c6-45ee-bb02-73f0e1ab9773,0.04670483796296296,telephone_montant_date
215472087452566,6571ab67-edfd-4f7d-8476-25e381a19d69,0.055742048611111115,telephone_montant_date
215472087457450,5925d226-4754-454b-896a-4a8915293e01,-5.067618819444444,reference
215472087457450,b3ac5073-25a0-4a58-9e10-ec5bb1b6ba3f,0.06432217592592593,telephone_montant_date+reference
215472087457450,b820ea73-e10a-44fe-8f4d-1ea5e95a982f,-5.066976400462963,reference
215472088489813,788812b8-6d8c-480d-97a1-2ea72cec8e15,0.05419255787037037,telephone_montant_date
215472088489813,fae39aa1-a5ee-41fc-8ab9-5a73ebb86beb,0.05488290509259259,telephone_montant_date
215472090159984,036642e1-5d07-4ead-a9ea-773d476159a2,0.04632318287037037,telephone_montant_date
215472090320578,4480991b-d57d-4008-9c2d-71b2cedbe2c4,0.044806493055555556,telephone_montant_date
215472090618793,9ee7dc17-c5d4-4376-88cf-d81664cbcb01,0.04707471064814815,telephone_montant_date
215472091713282,a27c9ceb-bdc8-4850-9c1c-600bab711a95,0.05196673611111111,telephone_montant_date
215472093581213,d0e0392d-9541-4050-a1db-b0d39ed7db08,0.04473533564814815,telephone_montant_date+reference
215472097281898,64a605a8-a60e-4c9d-a840-6238bb425229,0.048296956018518515,telephone_montant_date
215472097281898,a4ccd1b9-d976-4c47-9f28-ca8394b6edaa,0.04873008101851852,telephone_montant_date
215472098449870,bc9b8e1d-c8e1-49c2-896f-dbbb401dc49e,0.04626909722222222,telephone_montant_date+reference
215472100336745,b5d3b4dd-bcce-4292-8122-8a42739debf8,0.04744818287037037,telephone_montant_date
215472100336745,de7644b1-f885-4197-9e04-d61f017ead22,0.0468234837962963,telephone_montant_date
215472101346597,461d9d3d-522f-4a43-be60-e0e675d48f93,0.05597621527777778,telephone_montant_date
215472101346597,639e7112-4530-4486-bee7-329fe29ae031,0.05528628472222222,telephone_montant_date
215472102738241,6a93924c-f586-4154-b728-dc92e1f8df4b,0.046490034722222226,telephone_montant_date+reference
215472103050365,a8327e6a-6bde-41d6-b9bd-eed3ad8c7fcf,0.044053229166666666,telephone_montant_date
215472103140896,fce0dd29-9c6f-465b-9071-eb30d98f31f5,0.05209542824074074,telephone_montant_date
215472103498081,d3d2b9f6-3bf3-4e53-9624-aa890d1bcb65,0.05076387731481481,telephone_montant_date
215472103503509,c64d32fa-2ef8-4cb8-811d-4c8991909707,0.05677724537037037,telephone_montant_date
215472103503509,f0eb6a88-9e12-4b72-bd5c-1066f55e714d,0.056091226851851854,telephone_montant_date
215472104661469,f619b5ec-2f9b-404c-984d-570aa71458f4,0.04502872685185185,telephone_montant_date+reference
215472105259978,6647f7e0-ac2b-4f34-99b1-68472a5feb31,0.051977800925925924,telephone_montant_date
215472105259978,7d0253eb-b414-46e0-a606-30ca3fe910e4,0.0451103125,telephone_montant_date
215472105273504,7a0a0843-0045-4257-96fc-c6f2fd588237,0.05129600694444445,telephone_montant_date+reference
215472105355784,7a0a0843-0045-4257-96fc-c6f2fd588237,0.04395804398148148,telephone_montant_date+reference
215472105819177,454f7f30-614d-4511-86fa-2c19962299ca,-7.836798993055555,reference
215472105819177,bd1aedae-6aee-4017-a4d0-d988011e1f10,0.9993610300925927,telephone_montant_date
215472106246595,a76c1ab9-b921-4f3d-87bb-a4d64b3a483b,0.049120335648148154,telephone_montant_date
215472106461921,361250c3-ba17-4911-b74c-30a297f2e126,0.046787453703703706,telephone_montant_date+reference
215472107263729,1914454b-00f8-4c21-8459-ad759e3396b9,0.04406583333333333,telephone_montant_date
215472107378295,bd5d53da-5e14-4770-897b-205e4ba173c4,0.04568578703703704,telephone_montant_date
215472107608832,8f7ccd9c-78fc-426a-97fb-a92ac7fe7778,0.7412526851851853,telephone_montant_date
215472107608832,af7426fc-c923-455b-b6aa-958985fbfabf,0.7416665972222222,telephone_montant_date
215472108977680,6ab65378-3883-41e3-adcb-f3f0e5835a7b,2.0856940972222224,telephone_montant_date
215472108977680,891dd1b4-6fe7-4a10-8673-5729d0024a60,0.08831943287037038,telephone_montant_date
215472109156630,ea775077-0b1c-4f52-b062-6a35e22a3d1b,0.2834540740740741,telephone_montant_date+reference
215472109545831,3196ad69-cbd6-4737-8287-6c0c63754c4b,0.044109363425925925,telephone_montant_date
215472109568361,0c1b7b2c-90b0-4403-8425-410ce07c5e30,0.05107217592592593,telephone_montant_date+reference
215472109849211,0544f6e9-7219-4aab-8bc3-ad6d75f6eebf,0.04526575231481481,telephone_montant_date
215472110394776,71962f93-6df5-4de0-a0dc-6def436627a8,0.05115155092592592,telephone_montant_date
215472111073393,2c651cd3-cf8f-4157-802d-635c33e2aeae,0.04518978009259259,telephone_montant_date
215472111073393,c5c314d6-2ef9-4c76-ad03-f3910a81fc08,0.04450833333333333,telephone_montant_date
215472111233090,632122f4-33d7-4d78-9615-e0c745138016,0.04324650462962963,telephone_montant_date+reference
215472111233090,7ddbaa04-0e94-4838-9883-c470042a3e0e,-1.2352712615740742,telephone_montant_date
215472112033425,5c9dff2a-a69e-4f8c-a3af-afb3a4cc5e09,0.05193052083333333,telephone_montant_date+reference
215472113110484,46e68958-cb9a-49b8-8ab4-47eedf12e828,0.04744574074074074,telephone_montant_date+reference
215472113364508,5957a2a3-6cf3-4f39-93e3-e93e6c3fb09c,0.050128043981481483,telephone_montant_date
215472113571394,b7583b2d-1afe-411a-8e0a-6384595a8288,0.05634099537037037,telephone_montant_date
215472113574958,3791aab2-f5fc-41af-ace9-4e613481d94a,0.05356512731481482,telephone_montant_date
215472113767219,7abebfcb-0892-421a-ae55-11a99f45c674,0.04418822916666666,telephone_montant_date
215472113767219,f5ed3fcb-dc82-4150-9a34-4e21dd085b50,0.04485430555555555,telephone_montant_date
215472114565668,b551b32a-9953-4ba0-a16b-b160d753f1af,0.04836435185185185,telephone_montant_date
215472117877530,ede76fa6-4f48-4ccf-8a0c-0c20ff562831,0.045004756944444446,telephone_montant_date+reference
215472118054108,af62d145-99ce-44e1-b039-f8b65176247c,0.3629634375,telephone_montant_date
215472118054108,f442def1-33d8-403d-9389-3454f1a9cc2d,0.04464857638888889,telephone_montant_date
215472118178042,7f6d1700-ed1e-48a8-8109-b7766d4e91ec,0.046378252314814815,telephone_montant_date
215472118178042,d59fd6a7-7634-4be1-a68b-ccdbe5433a4c,0.045693159722222224,telephone_montant_date
215472118233169,a071a163-e382-4323-9fec-06686231451f,0.04341940972222222,telephone_montant_date
215472118487308,392d4367-25d6-4858-9132-d32a088a8694,0.059771631944444445,telephone_montant_date
215472118487308,a2647dc5-a8e3-4454-82e9-ee592eb11a18,0.05910780092592592,telephone_montant_date
215472118487308,b61467d9-e53a-4892-a0dd-2aa260cfb41b,0.05114089120370371,telephone_montant_date
215472118609814,5bdd2830-1288-402c-ade2-0eba9086502c,0.054408923611111104,telephone_montant_date+reference
215472118719776,582f6100-3f12-439e-a771-64c4e315f120,0.055184224537037044,telephone_montant_date
215472118754903,b489df64-4478-49e3-8e56-a4ecc76f6323,0.04436128472222222,telephone_montant_date
215472118754903,bf98625a-f769-49f1-8526-df619e5efbca,0.04367677083333333,telephone_montant_date
215472118892064,63cbdbc9-0414-4035-869e-fa9655434ba4,0.04489039351851852,telephone_montant_date
215472118892064,d7f7eb40-324c-4713-bdcf-ee9871a58391,0.044211875,telephone_montant_date
215472118958707,911a905d-7fb7-4639-9bd3-573016d24d24,-20.797784675925925,reference
215472118958707,b376955b-b280-4ae3-acac-df0ffb2f772a,-37.91039383101852,reference
215472119109004,ee8950d3-6b0a-4461-af64-e8e9113fac28,0.043728993055555554,telephone_montant_date
215472119109004,f345d38f-eb4e-4f7f-a456-a7be7e33243f,0.04442388888888889,telephone_montant_date
215472119209305,6fcd42c6-4cd9-4bee-ad80-ab90ad42913c,-38.04526986111111,reference
215472120063092,7ce6ec8e-ebfa-45d9-998a-959950942b75,0.05214903935185185,telephone_montant_date+reference
215472120389790,6287f0ef-eda4-428c-8e9c-b7c74f5118e7,-8.150282118055555,reference
215472120534014,406a7b9e-9f6a-4dc4-9cf3-82d540260a77,0.1483313888888889,telephone_montant_date+reference
215472122804267,a1e540ac-88a5-455a-8286-3dc3b3192a94,0.05859280092592592,telephone_montant_date+reference
215472123714291,7c10fe51-99b9-4579-b7ac-358e0ac8199d,1.7211307870370371,telephone_montant_date
215472123758446,f361c3a1-4d7c-400c-92b4-14f6e69356f5,5.05949869212963,reference
215472124148382,6ae603de-d349-42cd-8177-d585c08f55f4,7.937481388888889,reference
215472128927423,04f71b28-7364-4187-a0f3-f3405e3f1887,-57.49905770833333,reference
215472128927423,0661ed7c-504d-46bf-8ed1-238a72404b9d,-72.35470833333333,reference
215472128927423,15044d59-c9c5-41c6-a3b1-6f242ef70cd2,217.9108589236111,reference
215472128927423,152582e2-0782-48fc-946b-9c40e6b6cffe,-74.45824341435184,reference
215472128927423,27b02d36-cf54-4d60-8292-ad0855ccb083,-56.52313030092592,reference
215472128927423,62d6cc20-c8ec-49ff-a411-7828325c0d87,-57.405483124999996,reference
215472128927423,62fccb4f-9085-4739-bce8-445b384b33d0,-58.42957362268519,reference
215472128927423,64897fb8-e7f3-4565-9e14-0fc6fa5f3aca,-55.41583482638889,reference
215472128927423,6ae66e42-e37f-41f9-802b-7488a5861962,-55.44996299768519,reference
215472128927423,70f9a1c7-329d-4be8-a324-d9cbf67ea651,112.55014347222222,reference
215472128927423,749136c0-af8a-4419-bac6-c690539e3d97,-72.17021275462963,reference
215472128927423,783409bd-b518-417e-85c0-d6971644d713,-63.18229347222223,reference
215472128927423,95c4a24d-caa1-422a-bde0-1e9ded28efd8,-55.47660762731482,reference
215472128927423,96cb3cc6-9ec1-4a45-ab99-04177b1f19aa,-76.25557208333333,reference
215472128927423,9afa5a90-a3da-496b-bfdd-6ed41b4981a8,-64.10760347222222,reference
215472128927423,af06a7a0-9473-4036-be9a-a6af8daf1fab,-57.442185289351855,reference
215472128927423,b586af72-d213-47d3-beed-c47ee162b5ef,-76.26537201388889,reference
215472128927423,eb331345-4ad4-467e-8f6b-9fffe2d58217,-62.050749780092595,reference
215472134870154,52735fe4-22b2-4754-ae25-74ea585d957d,1.3690133564814815,telephone_montant_date
215472134870154,a8327e6a-6bde-41d6-b9bd-eed3ad8c7fcf,-2.0949514004629632,telephone_montant_date
215472135590254,d53fa5aa-7ceb-44f4-bdd3-9c5337989a8f,2.9885433680555553,telephone_montant_date
215472139170713,361250c3-ba17-4911-b74c-30a297f2e126,-2.0590343055555556,reference
215472142473690,a1e540ac-88a5-455a-8286-3dc3b3192a94,-1.1081896064814813,telephone_montant_date+reference
215472145183904,9d1f60c3-44e6-4351-ab5b-4b9cfc64a3e3,-10.557830729166666,reference
215472149206994,9fd058d2-9f8c-498d-88df-8c465610c31c,-49.325510138888895,reference
215472149253571,9fd058d2-9f8c-498d-88df-8c465610c31c,-49.33601939814815,reference
215472151027783,782baae7-9a79-45ff-8853-667b4d6330d6,-10.836923599537037,reference
215472154432132,73ed2f63-0df6-4621-b069-f45aa44a797f,9.621428611111112,reference
215472166487827,13c86cd2-de61-44b1-9e96-0e614a7909af,-2.8519424537037037,telephone_montant_date
215472168152469,43a8b9b4-9a5c-4fe2-a90d-3ce3ff208d50,1.277405138888889,telephone_montant_date
215472168891768,f361c3a1-4d7c-400c-92b4-14f6e69356f5,1.2469639699074075,telephone_montant_date+reference
215472184627096,e268e3b9-a56a-4bfd-b7bf-3fff931275d2,0.2695894560185185,reference
215472186385003,72972829-e570-4fe7-8d4b-619a4fb0b54c,2.9234278125,telephone_montant_date
215472201598266,8305ccd9-1e4c-4af5-9901-d6c8d22857af,1.2458905555555555,telephone_montant_date
215472201782725,72a02b24-f576-4c18-8d3b-1867276d6aa1,0.30875895833333333,telephone_montant_date+reference
215472205653537,f632bf2e-b355-483a-9fad-cc5f2ebc2589,0.07670674768518518,telephone_montant_date
215472210372479,33b3a21d-1fb0-44f6-b4c9-770f2ba4b7ba,1.7149983912037037,telephone_montant_date
215472219250854,9a94fd97-2b81-4fb3-93b5-eabdb8676ada,0.05466616898148148,telephone_montant_date
215472220701237,f2508685-5922-4087-a0fc-5da68930c541,15.914420034722223,reference
215472233971615,3db551d6-fa3d-468c-a1e0-8f5549a12a09,14.589283657407407,reference
215472238104503,3d51768f-42c0-47bf-9043-6b5ae546067f,0.13889465277777777,telephone_montant_date
215472251439301,6d6cf18e-e3fc-4686-a643-183222d00a3e,2.2491993055555555,telephone_montant_date
215472259112363,fcc00331-bf36-4f5b-ab92-fee558e46ada,0.08439016203703704,reference
215472267695672,1d57b30d-82a6-4cef-bd9d-800ee11621a0,-18.459677361111112,reference
215472267695672,8c09d71d-23b1-4ac9-9c56-da0ab5ce5adc,79.64564429398149,reference
215472268110467,8915bbfb-d37c-4410-970b-6b1b2337a6c7,42.0516890625,reference
215472268119748,04f71b28-7364-4187-a0f3-f3405e3f1887,-72.97691650462963,reference
215472268119748,0661ed7c-504d-46bf-8ed1-238a72404b9d,-87.83256712962962,reference
215472268119748,15044d59-c9c5-41c6-a3b1-6f242ef70cd2,202.4330001273148,reference
215472268119748,152582e2-0782-48fc-946b-9c40e6b6cffe,-89.93610221064814,reference
215472268119748,27b02d36-cf54-4d60-8292-ad0855ccb083,-72.00098909722222,reference
215472268119748,62d6cc20-c8ec-49ff-a411-7828325c0d87,-72.88334192129629,reference
215472268119748,62fccb4f-9085-4739-bce8-445b384b33d0,-73.90743241898149,reference
215472268119748,64897fb8-e7f3-4565-9e14-0fc6fa5f3aca,-70.89369362268518,reference
215472268119748,6ae66e42-e37f-41f9-802b-7488a5861962,-70.92782179398148,reference
215472268119748,70f9a1c7-329d-4be8-a324-d9cbf67ea651,97.07228467592593,reference
215472268119748,749136c0-af8a-4419-bac6-c690539e3d97,-87.64807155092593,reference
215472268119748,783409bd-b518-417e-85c0-d6971644d713,-78.66015226851853,reference
215472268119748,95c4a24d-caa1-422a-bde0-1e9ded28efd8,-70.95446642361111,reference
215472268119748,96cb3cc6-9ec1-4a45-ab99-04177b1f19aa,-91.73343087962964,reference
215472268119748,9afa5a90-a3da-496b-bfdd-6ed41b4981a8,-79.58546226851853,reference
215472268119748,af06a7a0-9473-4036-be9a-a6af8daf1fab,-72.92004408564816,reference
215472268119748,b586af72-d213-47d3-beed-c47ee162b5ef,-91.74323081018518,reference
215472268119748,eb331345-4ad4-467e-8f6b-9fffe2d58217,-77.52860857638889,reference
215472268203335,c460a11b-2f55-454b-8767-64e9b6c797bc,-42.094265960648144,reference
215472268290487,90c95874-7235-4598-99e3-ad24e2214ee7,3.3231482060185185,reference
215472285557043,911a905d-7fb7-4639-9bd3-573016d24d24,-32.73433560185185,reference
215472285557043,b376955b-b280-4ae3-acac-df0ffb2f772a,-49.84694475694444,reference
215472285820788,6287f0ef-eda4-428c-8e9c-b7c74f5118e7,-20.010640914351853,reference
215472302319809,af96face-7895-4da3-907f-0a931ac72c12,0.3677664814814815,telephone_montant_date
215472303101914,23f15d71-7dff-4167-8d01-2846752dc37a,0.2750094675925926,telephone_montant_date
215472307719757,6c07532c-94b7-485e-a830-e093fd24f7f0,0.8239035185185185,telephone_montant_date+reference
215472331698304,1d57b30d-82a6-4cef-bd9d-800ee11621a0,-21.77907550925926,reference
215472331698304,8c09d71d-23b1-4ac9-9c56-da0ab5ce5adc,76.32624614583334,reference
215472333564718,f2508685-5922-4087-a0fc-5da68930c541,8.08080892361111,reference
215472349626826,d899e997-7f44-4ff2-be3a-1144f29c2964,-49.45216056712963,reference
215472351009744,d4056b98-be84-47d1-b456-869334a95351,2.541959814814815,telephone_montant_date
215472351286423,1d57b30d-82a6-4cef-bd9d-800ee11621a0,-22.914260694444444,reference
215472351286423,8c09d71d-23b1-4ac9-9c56-da0ab5ce5adc,75.19106096064816,reference
215472351368409,29a9294d-4db0-47a0-8427-c4fd078be25f,-74.81575596064815,reference
215472351368409,9a94fd97-2b81-4fb3-93b5-eabdb8676ada,-8.816861608796296,reference
215472351368409,cdba2d07-af4f-4be2-84e2-ae866d64e632,98.12612008101853,reference
215472351502352,0aba6de1-ef04-4187-8dcc-4e42034fb4c7,0.19228310185185182,reference
215472351664746,1d57b30d-82a6-4cef-bd9d-800ee11621a0,-22.994006064814815,reference
215472351664746,8c09d71d-23b1-4ac9-9c56-da0ab5ce5adc,75.11131559027778,reference
215472351702639,04f71b28-7364-4187-a0f3-f3405e3f1887,-72.98472900462963,reference
215472351702639,0661ed7c-504d-46bf-8ed1-238a72404b9d,-87.84037962962962,reference
215472351702639,15044d59-c9c5-41c6-a3b1-6f242ef70cd2,202.4251876273148,reference
215472351702639,152582e2-0782-48fc-946b-9c40e6b6cffe,-89.94391471064814,reference
215472351702639,27b02d36-cf54-4d60-8292-ad0855ccb083,-72.00880159722222,reference
215472351702639,62d6cc20-c8ec-49ff-a411-7828325c0d87,-72.89115442129629,reference
215472351702639,62fccb4f-9085-4739-bce8-445b384b33d0,-73.91524491898149,reference
215472351702639,64897fb8-e7f3-4565-9e14-0fc6fa5f3aca,-70.90150612268518,reference
215472351702639,6ae66e42-e37f-41f9-802b-7488a5861962,-70.93563429398148,reference
215472351702639,70f9a1c7-329d-4be8-a324-d9cbf67ea651,97.06447217592593,reference
215472351702639,749136c0-af8a-4419-bac6-c690539e3d97,-87.65588405092593,reference
215472351702639,783409bd-b518-417e-85c0-d6971644d713,-78.66796476851853,reference
215472351702639,95c4a24d-caa1-422a-bde0-1e9ded28efd8,-70.96227892361111,reference
215472351702639,96cb3cc6-9ec1-4a45-ab99-04177b1f19aa,-91.74124337962964,reference
215472351702639,9afa5a90-a3da-496b-bfdd-6ed41b4981a8,-79.59327476851853,reference
215472351702639,af06a7a0-9473-4036-be9a-a6af8daf1fab,-72.92785658564816,reference
215472351702639,b586af72-d213-47d3-beed-c47ee162b5ef,-91.75104331018518,reference
215472351702639,eb331345-4ad4-467e-8f6b-9fffe2d58217,-77.53642107638889,reference
215472352027197,c4396e96-f2dc-426f-8bcd-21f4780c8c7a,2.3918763310185183,reference
215472352262018,d433d95a-72b4-45a8-80c5-2812bf8119dc,-0.6911895486111111,telephone_montant_date+reference
215472352435237,b8110908-82ef-4186-86b6-e4b13a1bc53a,-25.963508391203703,reference
215472352469896,1d57b30d-82a6-4cef-bd9d-800ee11621a0,-23.064515324074076,reference
215472352469896,8c09d71d-23b1-4ac9-9c56-da0ab5ce5adc,75.04080633101853,reference
215472352518658,ae0cfd85-97d6-4db9-ab93-665112073633,-23.72978652777778,reference
215472352519250,90cdd6d2-3520-4e82-823a-fb0c54d136ce,-25.430641886574072,reference
215472352601503,6c4cdc6b-ca8f-42d9-b9f4-08abc36a50b8,-18.057435358796297,reference
215472352601503,6d42f2cb-9d23-4c0c-8eef-023c9f5fd6cb,170.39571743055555,reference
215472352601503,83b31a52-4095-423f-aa45-f688d6e5c3b9,115.07353825231482,reference
215472352601503,c9e01fcf-39cd-4c59-a63c-9df15a5b3009,103.33036792824075,reference
215472352601503,d699269c-e48a-4336-8f04-628d429445e7,-54.05923947916667,reference
215472352667032,6aba8eae-61b8-44a3-882a-6ab5963a573c,1.889935335648148,reference
215472352746633,5bdd2830-1288-402c-ade2-0eba9086502c,-16.03083413194444,reference
215472353258945,6c4cdc6b-ca8f-42d9-b9f4-08abc36a50b8,-18.119426099537037,reference
215472353258945,6d42f2cb-9d23-4c0c-8eef-023c9f5fd6cb,170.3337266898148,reference
215472353258945,83b31a52-4095-423f-aa45-f688d6e5c3b9,115.01154751157408,reference
215472353258945,c9e01fcf-39cd-4c59-a63c-9df15a5b3009,103.26837718750001,reference
215472353258945,d699269c-e48a-4336-8f04-628d429445e7,-54.12123021990741,reference
215472353289513,afde1a57-a444-429f-9a62-2c1038167c3a,2.220947465277778,telephone_montant_date+reference
215472354337960,1d57b30d-82a6-4cef-bd9d-800ee11621a0,-23.230661157407408,reference
215472354337960,8c09d71d-23b1-4ac9-9c56-da0ab5ce5adc,74.87466049768518,reference
215472355803537,a0c2fc8d-be20-477e-a533-25667b753f0d,2.2264553819444446,telephone_montant_date+reference
215472355915709,1d57b30d-82a6-4cef-bd9d-800ee11621a0,-23.324422731481484,reference
215472355915709,8c09d71d-23b1-4ac9-9c56-da0ab5ce5adc,74.78089892361112,reference
215472356448080,e27fec3b-e207-4827-abd8-3d97f39d1f6c,1.7661689120370372,telephone_montant_date+reference
215472356589207,a5ff628d-ce36-47cb-a56b-0361d8994833,1.6773968171296296,telephone_montant_date+reference
215472356677092,04f71b28-7364-4187-a0f3-f3405e3f1887,-73.38516881944444,reference
215472356677092,0661ed7c-504d-46bf-8ed1-238a72404b9d,-88.24081944444444,reference
215472356677092,15044d59-c9c5-41c6-a3b1-6f242ef70cd2,202.02474781249998,reference
215472356677092,152582e2-0782-48fc-946b-9c40e6b6cffe,-90.34435452546296,reference
215472356677092,27b02d36-cf54-4d60-8292-ad0855ccb083,-72.40924141203703,reference
215472356677092,62d6cc20-c8ec-49ff-a411-7828325c0d87,-73.29159423611111,reference
215472356677092,62fccb4f-9085-4739-bce8-445b384b33d0,-74.3156847337963,reference
215472356677092,64897fb8-e7f3-4565-9e14-0fc6fa5f3aca,-71.3019459375,reference
215472356677092,6ae66e42-e37f-41f9-802b-7488a5861962,-71.3360741087963,reference
215472356677092,70f9a1c7-329d-4be8-a324-d9cbf67ea651,96.66403236111111,reference
215472356677092,749136c0-af8a-4419-bac6-c690539e3d97,-88.05632386574074,reference
215472356677092,783409bd-b518-417e-85c0-d6971644d713,-79.06840458333333,reference
215472356677092,95c4a24d-caa1-422a-bde0-1e9ded28efd8,-71.36271873842593,reference
215472356677092,96cb3cc6-9ec1-4a45-ab99-04177b1f19aa,-92.14168319444445,reference
215472356677092,9afa5a90-a3da-496b-bfdd-6ed41b4981a8,-79.99371458333334,reference
215472356677092,af06a7a0-9473-4036-be9a-a6af8daf1fab,-73.32829640046296,reference
215472356677092,b586af72-d213-47d3-beed-c47ee162b5ef,-92.151483125,reference
215472356677092,eb331345-4ad4-467e-8f6b-9fffe2d58217,-77.93686089120371,reference
215472358204659,a4d6ee01-563d-4e82-aefe-0e7a35ba0ce0,1.885446215277778,telephone_montant_date+reference
215472358369937,262185de-aeda-437a-bbbe-20ca24fd0503,1.6852092939814816,telephone_montant_date
215472359561667,5bdd2830-1288-402c-ade2-0eba9086502c,-16.680463761574075,reference
215472360194435,5bdd2830-1288-402c-ade2-0eba9086502c,-16.804248483796297,reference
215472360307562,1d57b30d-82a6-4cef-bd9d-800ee11621a0,-23.914191250000002,reference
215472360307562,8c09d71d-23b1-4ac9-9c56-da0ab5ce5adc,74.1911304050926,reference
215472361027476,93ff8f4e-e179-47ae-8e60-c1e0bbc4aa19,-0.5038158101851852,telephone_montant_date+reference
215472361951164,1d57b30d-82a6-4cef-bd9d-800ee11621a0,-24.125140324074074,reference
215472361951164,8c09d71d-23b1-4ac9-9c56-da0ab5ce5adc,73.98018133101853,reference
215472366542006,50383f51-51d0-4f25-9d8b-28bc055ea8b1,95.6490616087963,reference
215472366944205,f4479492-375f-4d31-8a7c-2e3b9c419ca7,0.5872873148148149,reference
215472369622943,90cdd6d2-3520-4e82-823a-fb0c54d136ce,-27.27970438657407,reference
215472369709268,90cdd6d2-3520-4e82-823a-fb0c54d136ce,-27.29293355324074,reference
215472370334201,a18a3f95-8010-4b86-879f-e80baf3e29f1,0.1431010763888889,telephone_montant_date+reference
215472371072831,6287f0ef-eda4-428c-8e9c-b7c74f5118e7,-26.034008969907408,reference
215472371798600,1f4986ac-18bf-4dc5-952e-802b7d2c3bdb,0.11594418981481482,telephone_montant_date
215472375614075,431e7874-e0d5-4a82-9697-c7f54be12ba5,0.05940425925925926,telephone_montant_date
215472380315496,1d57b30d-82a6-4cef-bd9d-800ee11621a0,-25.38090421296296,reference
215472380315496,8c09d71d-23b1-4ac9-9c56-da0ab5ce5adc,72.72441744212963,reference
215472381057641,9327dea9-ade6-418e-9c5b-5fef1bb4cb1d,93.81349072916667,reference
215472381301236,a7cefeb0-d460-40af-8c99-67d7f326c3a8,4.099012048611111,reference
215472381738600,18d9a190-d074-43a4-86fa-b4ecd2e59d70,6.861197037037037,reference
215472381797877,b5eff751-db5a-4f1e-870c-155325867ff6,-11.121979027777778,reference
215472381797877,c9dbd3e3-d4e2-426e-addc-07f63e93719c,106.06545577546296,reference
215472381797877,f8c3ccba-e0fd-4856-b499-16aa26449105,-26.37018284722222,reference
215472382054755,5a0f4811-ada6-4cb6-acad-d479a699bfe9,-0.4330642361111111,reference
215472387596949,1d57b30d-82a6-4cef-bd9d-800ee11621a0,-25.8588324537037,reference
215472387596949,8c09d71d-23b1-4ac9-9c56-da0ab5ce5adc,72.2464892013889,reference
215472389074101,d0b7d9ef-5aa2-4ec0-b26e-55ec9b8bd672,5.067064351851852,reference
215472389930958,a7cefeb0-d460-40af-8c99-67d7f326c3a8,10.232808344907406,reference
215472389951614,5026aba9-2ff3-48e6-b05c-574df32c7d3e,14.052778206018518,reference
215472394065420,98866c36-f75d-437f-830b-3feb60425914,0.7856516435185185,telephone_montant_date+reference
215472394188202,5bdd2830-1288-402c-ade2-0eba9086502c,-19.19755866898148,reference
215472394317606,ae0cfd85-97d6-4db9-ab93-665112073633,-26.94542310185185,reference
215472395022863,36e671cd-053f-4032-9421-8182e03ae77d,2.715933888888889,telephone_montant_date
215472395304260,1d57b30d-82a6-4cef-bd9d-800ee11621a0,-26.33251300925926,reference
215472395304260,8c09d71d-23b1-4ac9-9c56-da0ab5ce5adc,71.77280864583334,reference
215472396371184,b386b8f0-33f3-48dd-9e9b-4994cd65a054,3.007307141203704,reference
215472404181650,1d57b30d-82a6-4cef-bd9d-800ee11621a0,-26.828901898148146,reference
215472404181650,8c09d71d-23b1-4ac9-9c56-da0ab5ce5adc,71.27641975694445,reference
215472404598937,04f71b28-7364-4187-a0f3-f3405e3f1887,-76.89226372685185,reference
215472404598937,0661ed7c-504d-46bf-8ed1-238a72404b9d,-91.74791435185185,reference
215472404598937,15044d59-c9c5-41c6-a3b1-6f242ef70cd2,198.51765290509258,reference
215472404598937,152582e2-0782-48fc-946b-9c40e6b6cffe,-93.85144943287037,reference
215472404598937,27b02d36-cf54-4d60-8292-ad0855ccb083,-75.91633631944444,reference
215472404598937,62d6cc20-c8ec-49ff-a411-7828325c0d87,-76.79868914351852,reference
215472404598937,62fccb4f-9085-4739-bce8-445b384b33d0,-77.82277964120371,reference
215472404598937,64897fb8-e7f3-4565-9e14-0fc6fa5f3aca,-74.8090408449074,reference
215472404598937,6ae66e42-e37f-41f9-802b-7488a5861962,-74.8431690162037,reference
215472404598937,70f9a1c7-329d-4be8-a324-d9cbf67ea651,93.1569374537037,reference
215472404598937,749136c0-af8a-4419-bac6-c690539e3d97,-91.56341877314816,reference
215472404598937,783409bd-b518-417e-85c0-d6971644d713,-82.57549949074074,reference
215472404598937,95c4a24d-caa1-422a-bde0-1e9ded28efd8,-74.86981364583333,reference
215472404598937,96cb3cc6-9ec1-4a45-ab99-04177b1f19aa,-95.64877810185186,reference
215472404598937,9afa5a90-a3da-496b-bfdd-6ed41b4981a8,-83.50080949074075,reference
215472404598937,af06a7a0-9473-4036-be9a-a6af8daf1fab,-76.83539130787038,reference
215472404598937,b586af72-d213-47d3-beed-c47ee162b5ef,-95.6585780324074,reference
215472404598937,eb331345-4ad4-467e-8f6b-9fffe2d58217,-81.44395579861111,reference
215472407960647,3e360cdc-9d77-4b8c-ad73-a174bb0b2c57,0.03607833333333334,reference
215472427181220,15ddf0c6-6551-40d8-86ab-967db030605c,4.277692592592593,reference
215472427302010,d0b7d9ef-5aa2-4ec0-b26e-55ec9b8bd672,2.053025,reference
215472428330197,d0b7d9ef-5aa2-4ec0-b26e-55ec9b8bd672,1.9412425925925925,reference
215472430392221,6c4cdc6b-ca8f-42d9-b9f4-08abc36a50b8,-24.197030266203704,reference
215472430392221,6d42f2cb-9d23-4c0c-8eef-023c9f5fd6cb,164.25612252314815,reference
215472430392221,83b31a52-4095-423f-aa45-f688d6e5c3b9,108.9339433449074,reference
215472430392221,c9e01fcf-39cd-4c59-a63c-9df15a5b3009,97.19077302083335,reference
215472430392221,d699269c-e48a-4336-8f04-628d429445e7,-60.19883438657408,reference
215472430948139,1d81e67e-0a3b-4f45-b142-f0d19f814335,1.917790185185185,telephone_montant_date
215472431120294,1d81e67e-0a3b-4f45-b142-f0d19f814335,1.9096188888888888,telephone_montant_date
215472433950512,454f7f30-614d-4511-86fa-2c19962299ca,-31.11546797453704,reference
215472437022820,26a917fe-0d98-4485-ace4-df117b7ab856,2.600627511574074,telephone_montant_date
215472437022820,36e671cd-053f-4032-9421-8182e03ae77d,-0.7726425,telephone_montant_date
215472437491038,5026aba9-2ff3-48e6-b05c-574df32c7d3e,10.236099965277777,reference
215472437569882,f8ad1e7b-8bbc-4535-a28f-e4086229f811,0.14329315972222223,telephone_montant_date+reference
215472440543185,8f4df9a7-44ee-4601-8537-0eb7ca0d445b,114.83196927083333,reference
215472440543185,bed5ef51-6d39-4b50-a7f0-9521a0840dec,109.10846351851852,reference
215472440543185,cab903b5-db3d-4949-b3a9-88d7b98ff8dd,-32.66819950231481,reference
215472440543185,d176a262-4ee6-405b-8028-63f49f4bf6e3,122.14965082175927,reference
215472441421236,0fcf06d0-d42f-4fa8-a7e2-15116de6be78,1.7561698611111112,telephone_montant_date
215472441421236,57c14e66-a4ab-43b0-a628-2280c5726ded,2.6950198958333336,telephone_montant_date
215472445646320,048b8b88-c6c1-4e3e-9493-869a086e44e1,1.1461478587962963,reference
215472455060674,be7e6de4-0322-4a61-93c7-4f64adef7536,1.311904513888889,reference
215472456241942,466d41c7-e665-4d30-90a6-2cfabe29f2f9,2.099594016203704,telephone_montant_date
215472456241942,6c4cdc6b-ca8f-42d9-b9f4-08abc36a50b8,-27.05983119212963,reference
215472456241942,6d42f2cb-9d23-4c0c-8eef-023c9f5fd6cb,161.3933215972222,reference
215472456241942,83b31a52-4095-423f-aa45-f688d6e5c3b9,106.07114241898148,reference
215472456241942,c9e01fcf-39cd-4c59-a63c-9df15a5b3009,94.32797209490741,reference
215472456241942,d699269c-e48a-4336-8f04-628d429445e7,-63.0616353125,reference
215472486404396,8f4df9a7-44ee-4601-8537-0eb7ca0d445b,111.3944345486111,reference
215472486404396,bed5ef51-6d39-4b50-a7f0-9521a0840dec,105.6709287962963,reference
215472486404396,cab903b5-db3d-4949-b3a9-88d7b98ff8dd,-36.10573422453704,reference
215472486404396,d176a262-4ee6-405b-8028-63f49f4bf6e3,118.71211609953704,reference
215472495333880,94b18308-5621-4c2a-bc99-c61cc5198145,1.6552621180555556,reference
215472559204881,ad813147-5ced-4ec4-ac77-d9ba3adda640,2.9093286805555554,telephone_montant_date
215472559311389,7ec4b3bd-42a1-47eb-a823-a72335fa90b7,-6.655984618055555,reference
215472564062146,a543bbcd-47f2-4a49-acf3-956c8ed74763,-41.24666648148148,reference
215472578564855,80bb044e-8b3d-4f33-9f47-5f3f467b43c2,40.07336327546296,reference
215472578696643,9286b154-1d9c-41c4-86d4-9ccea5f9d3ce,79.13953194444444,reference
215472594829265,b5eff751-db5a-4f1e-870c-155325867ff6,-27.907580879629627,reference
215472594829265,c9dbd3e3-d4e2-426e-addc-07f63e93719c,89.27985392361111,reference
215472594829265,f8c3ccba-e0fd-4856-b499-16aa26449105,-43.155784699074076,reference
215472595596482,6287f0ef-eda4-428c-8e9c-b7c74f5118e7,-43.27131221064815,reference
215472612404408,f2508685-5922-4087-a0fc-5da68930c541,-13.20459616898148,reference
215472623766759,baab477c-b251-4ee0-9aa3-383fe23faebb,1.039507199074074,reference
215472672921069,04f71b28-7364-4187-a0f3-f3405e3f1887,-98.20229844907406,reference
215472672921069,0661ed7c-504d-46bf-8ed1-238a72404b9d,-113.05794907407409,reference
215472672921069,15044d59-c9c5-41c6-a3b1-6f242ef70cd2,177.20761818287036,reference
215472672921069,152582e2-0782-48fc-946b-9c40e6b6cffe,-115.1614841550926,reference
215472672921069,27b02d36-cf54-4d60-8292-ad0855ccb083,-97.22637104166667,reference
215472672921069,62d6cc20-c8ec-49ff-a411-7828325c0d87,-98.10872386574074,reference
215472672921069,62fccb4f-9085-4739-bce8-445b384b33d0,-99.13281436342594,reference
215472672921069,64897fb8-e7f3-4565-9e14-0fc6fa5f3aca,-96.11907556712963,reference
215472672921069,6ae66e42-e37f-41f9-802b-7488a5861962,-96.15320373842593,reference
215472672921069,70f9a1c7-329d-4be8-a324-d9cbf67ea651,71.84690273148148,reference
215472672921069,749136c0-af8a-4419-bac6-c690539e3d97,-112.87345349537036,reference
215472672921069,783409bd-b518-417e-85c0-d6971644d713,-103.88553421296295,reference
215472672921069,95c4a24d-caa1-422a-bde0-1e9ded28efd8,-96.17984836805556,reference
215472672921069,96cb3cc6-9ec1-4a45-ab99-04177b1f19aa,-116.95881282407407,reference
215472672921069,9afa5a90-a3da-496b-bfdd-6ed41b4981a8,-104.81084421296296,reference
215472672921069,af06a7a0-9473-4036-be9a-a6af8daf1fab,-98.1454260300926,reference
215472672921069,b586af72-d213-47d3-beed-c47ee162b5ef,-116.96861275462965,reference
215472672921069,eb331345-4ad4-467e-8f6b-9fffe2d58217,-102.75399052083333,reference
215472674095788,341d0134-5f67-4a9c-b695-7c513fd1905b,-103.23695965277777,reference
215472674095788,4ba22724-3896-48cc-98a6-88eb727417b9,-101.75660638888888,reference
215472678775065,e7a0e2ab-6ae5-4b91-8a1c-5807fb29c3ae,34.61774344907408,reference
215472686607410,ec3bc16b-daef-4618-86ef-be7d9a22d80e,0.08135146990740741,telephone_montant_date
215472702415251,04f71b28-7364-4187-a0f3-f3405e3f1887,-100.14706696759258,reference
215472702415251,0661ed7c-504d-46bf-8ed1-238a72404b9d,-115.0027175925926,reference
215472702415251,15044d59-c9c5-41c6-a3b1-6f242ef70cd2,175.26284966435185,reference
215472702415251,152582e2-0782-48fc-946b-9c40e6b6cffe,-117.10625267361112,reference
215472702415251,27b02d36-cf54-4d60-8292-ad0855ccb083,-99.1711395601852,reference
215472702415251,62d6cc20-c8ec-49ff-a411-7828325c0d87,-100.05349238425927,reference
215472702415251,62fccb4f-9085-4739-bce8-445b384b33d0,-101.07758288194445,reference
215472702415251,64897fb8-e7f3-4565-9e14-0fc6fa5f3aca,-98.06384408564816,reference
215472702415251,6ae66e42-e37f-41f9-802b-7488a5861962,-98.09797225694443,reference
215472702415251,70f9a1c7-329d-4be8-a324-d9cbf67ea651,69.90213421296296,reference
215472702415251,749136c0-af8a-4419-bac6-c690539e3d97,-114.81822201388889,reference
215472702415251,783409bd-b518-417e-85c0-d6971644d713,-105.83030273148148,reference
215472702415251,95c4a24d-caa1-422a-bde0-1e9ded28efd8,-98.12461688657407,reference
215472702415251,96cb3cc6-9ec1-4a45-ab99-04177b1f19aa,-118.90358134259259,reference
215472702415251,9afa5a90-a3da-496b-bfdd-6ed41b4981a8,-106.75561273148148,reference
215472702415251,af06a7a0-9473-4036-be9a-a6af8daf1fab,-100.09019454861111,reference
215472702415251,b586af72-d213-47d3-beed-c47ee162b5ef,-118.91338127314816,reference
215472702415251,eb331345-4ad4-467e-8f6b-9fffe2d58217,-104.69875903935184,reference
215472717139463,89808d3f-15b4-4346-98d5-b4c2dcd3fce2,0.044586400462962965,telephone_montant_date+reference
215472740242226,1d57b30d-82a6-4cef-bd9d-800ee11621a0,-53.472536157407404,reference
215472740242226,8c09d71d-23b1-4ac9-9c56-da0ab5ce5adc,44.632785497685184,reference
215472740485761,8117f37d-205f-4c9f-9844-22d1875db854,1.5744978587962961,telephone_montant_date
215472746309699,6654ba50-9371-48e0-b12e-0ed58c01e342,-19.726795381944445,reference
215472748153199,8e36402e-5439-46ed-bbab-3a0f3161c625,27.96895782407407,reference
215472752062495,1d57b30d-82a6-4cef-bd9d-800ee11621a0,-54.27417967592592,reference
215472752062495,8c09d71d-23b1-4ac9-9c56-da0ab5ce5adc,43.83114197916667,reference
215472754326174,1ad9c788-75d4-4f42-ba19-06b958c3c249,1.658971701388889,telephone_montant_date+reference
215472754814773,8f4df9a7-44ee-4601-8537-0eb7ca0d445b,90.7109970486111,reference
215472754814773,bed5ef51-6d39-4b50-a7f0-9521a0840dec,84.9874912962963,reference
215472754814773,cab903b5-db3d-4949-b3a9-88d7b98ff8dd,-56.789171724537034,reference
215472754814773,d176a262-4ee6-405b-8028-63f49f4bf6e3,98.02867859953705,reference
215472755379897,04f71b28-7364-4187-a0f3-f3405e3f1887,-104.38608317129629,reference
215472755379897,0661ed7c-504d-46bf-8ed1-238a72404b9d,-119.2417337962963,reference
215472755379897,15044d59-c9c5-41c6-a3b1-6f242ef70cd2,171.02383346064815,reference
215472755379897,152582e2-0782-48fc-946b-9c40e6b6cffe,-121.34526887731482,reference
215472755379897,27b02d36-cf54-4d60-8292-ad0855ccb083,-103.4101557638889,reference
215472755379897,62d6cc20-c8ec-49ff-a411-7828325c0d87,-104.29250858796297,reference
215472755379897,62fccb4f-9085-4739-bce8-445b384b33d0,-105.31659908564815,reference
215472755379897,64897fb8-e7f3-4565-9e14-0fc6fa5f3aca,-102.30286028935186,reference
215472755379897,6ae66e42-e37f-41f9-802b-7488a5861962,-102.33698846064814,reference
215472755379897,70f9a1c7-329d-4be8-a324-d9cbf67ea651,65.66311800925925,reference
215472755379897,749136c0-af8a-4419-bac6-c690539e3d97,-119.05723821759258,reference
215472755379897,783409bd-b518-417e-85c0-d6971644d713,-110.06931893518518,reference
215472755379897,95c4a24d-caa1-422a-bde0-1e9ded28efd8,-102.36363309027779,reference
215472755379897,96cb3cc6-9ec1-4a45-ab99-04177b1f19aa,-123.14259754629629,reference
215472755379897,9afa5a90-a3da-496b-bfdd-6ed41b4981a8,-110.99462893518518,reference
215472755379897,af06a7a0-9473-4036-be9a-a6af8daf1fab,-104.32921075231482,reference
215472755379897,b586af72-d213-47d3-beed-c47ee162b5ef,-123.15239747685186,reference
215472755379897,eb331345-4ad4-467e-8f6b-9fffe2d58217,-108.93777524305555,reference
215472757726653,f368ce55-99f2-41e1-9978-ed5ce9d55e00,0.645992175925926,telephone_montant_date
215472782381310,6287f0ef-eda4-428c-8e9c-b7c74f5118e7,-57.28054832175926,reference
215472785988471,1d57b30d-82a6-4cef-bd9d-800ee11621a0,-56.42064958333333,reference
215472785988471,8c09d71d-23b1-4ac9-9c56-da0ab5ce5adc,41.68467207175926,reference
215472793588689,ebaa44e6-f67e-4a3d-8dcc-7cd272f391f0,20.283959155092592,reference
215472796798236,1d57b30d-82a6-4cef-bd9d-800ee11621a0,-57.242825509259255,reference
215472796798236,8c09d71d-23b1-4ac9-9c56-da0ab5ce5adc,40.86249614583333,reference
215472799491104,6c4cdc6b-ca8f-42d9-b9f4-08abc36a50b8,-52.3283728587963,reference
215472799491104,6d42f2cb-9d23-4c0c-8eef-023c9f5fd6cb,136.12477993055555,reference
215472799491104,83b31a52-4095-423f-aa45-f688d6e5c3b9,80.80260075231482,reference
215472799491104,c9e01fcf-39cd-4c59-a63c-9df15a5b3009,69.05943042824074,reference
215472799491104,d699269c-e48a-4336-8f04-628d429445e7,-88.33017697916667,reference
215472807284386,1d57b30d-82a6-4cef-bd9d-800ee11621a0,-57.946274583333334,reference
215472807284386,8c09d71d-23b1-4ac9-9c56-da0ab5ce5adc,40.15904707175926,reference
215472807713089,ae1e1525-4744-4723-9501-3f6b239c1b3d,2.974246736111111,telephone_montant_date
215472807873625,dbcede9f-9a07-4122-85c6-7c120d838612,20.02926241898148,reference
215472807969456,90cdd6d2-3520-4e82-823a-fb0c54d136ce,-60.415653460648144,reference
215472808216132,c67bfb7c-b545-41f4-ac7f-e6d345810dd9,2.005159837962963,telephone_montant_date
215472808292752,5f9dfcdc-2e99-4c0c-b812-9353fd403e15,-77.00162018518519,reference
215472808699304,e7b2e2b3-94bd-475d-9caf-761fbbcc1f91,-59.49549021990741,reference
215472810220369,b716a88f-24d9-4722-937b-3c6b2215877b,-59.227812175925926,reference
215472810410696,e7b2e2b3-94bd-475d-9caf-761fbbcc1f91,-59.64174021990741,reference
215472812368209,dc276fe4-0210-451b-a2f8-1ad42b22f50e,1.5880006944444445,reference
215472814599257,6287f0ef-eda4-428c-8e9c-b7c74f5118e7,-59.90871961805556,reference
215472814910683,1d57b30d-82a6-4cef-bd9d-800ee11621a0,-58.96905236111111,reference
215472814910683,8c09d71d-23b1-4ac9-9c56-da0ab5ce5adc,39.13626929398148,reference
215472817542366,7b9b17d0-8235-4d24-8f6a-a6770905c1ac,1.7115691898148149,telephone_montant_date+reference
215472819277105,558b7f61-e359-4a59-b9e5-4c5741615afc,2.6375884375,telephone_montant_date
215472819551493,6c4cdc6b-ca8f-42d9-b9f4-08abc36a50b8,-54.430965451388886,reference
215472819551493,6d42f2cb-9d23-4c0c-8eef-023c9f5fd6cb,134.02218733796295,reference
215472819551493,83b31a52-4095-423f-aa45-f688d6e5c3b9,78.70000815972222,reference
215472819551493,c9e01fcf-39cd-4c59-a63c-9df15a5b3009,66.95683783564814,reference
215472819551493,d699269c-e48a-4336-8f04-628d429445e7,-90.43276957175927,reference
215472824733226,6c4cdc6b-ca8f-42d9-b9f4-08abc36a50b8,-55.02336128472222,reference
215472824733226,6d42f2cb-9d23-4c0c-8eef-023c9f5fd6cb,133.42979150462963,reference
215472824733226,83b31a52-4095-423f-aa45-f688d6e5c3b9,78.10761232638889,reference
215472824733226,c9e01fcf-39cd-4c59-a63c-9df15a5b3009,66.36444200231482,reference
215472824733226,d699269c-e48a-4336-8f04-628d429445e7,-91.0251654050926,reference
215472826006990,6287f0ef-eda4-428c-8e9c-b7c74f5118e7,-61.146867766203705,reference
215472827006869,c743ac68-9f63-4ef7-b5d6-d5a1d835d0f5,0.8740239351851853,telephone_montant_date
215472831299000,1d57b30d-82a6-4cef-bd9d-800ee11621a0,-60.336147268518516,reference
215472831299000,8c09d71d-23b1-4ac9-9c56-da0ab5ce5adc,37.76917438657407,reference
215472832042484,8f4df9a7-44ee-4601-8537-0eb7ca0d445b,84.72743223379629,reference
215472832042484,bed5ef51-6d39-4b50-a7f0-9521a0840dec,79.00392648148147,reference
215472832042484,cab903b5-db3d-4949-b3a9-88d7b98ff8dd,-62.772736539351854,reference
215472832042484,d176a262-4ee6-405b-8028-63f49f4bf6e3,92.04511378472222,reference
215472839973516,6c4cdc6b-ca8f-42d9-b9f4-08abc36a50b8,-55.8396228587963,reference
215472839973516,6d42f2cb-9d23-4c0c-8eef-023c9f5fd6cb,132.61352993055556,reference
215472839973516,83b31a52-4095-423f-aa45-f688d6e5c3b9,77.29135075231481,reference
215472839973516,c9e01fcf-39cd-4c59-a63c-9df15a5b3009,65.54818042824074,reference
215472839973516,d699269c-e48a-4336-8f04-628d429445e7,-91.84142697916667,reference
215472841970305,2b2ec151-84d1-45f7-ac4d-2b60729fdb61,0.06687447916666667,telephone_montant_date
215472842198304,1d57b30d-82a6-4cef-bd9d-800ee11621a0,-61.0984736574074,reference
215472842198304,8c09d71d-23b1-4ac9-9c56-da0ab5ce5adc,37.006847997685185,reference
215472843669917,7d4319ab-4f9b-4bc8-9146-8fd274eb296f,20.910595023148147,reference
215472847560470,24866109-5876-4f39-89f0-30d52d1b1d97,-7.149021863425925,reference
215472847560470,e1d9e5da-d68c-474d-aeaa-10ae94fe6d42,62.068435810185186,reference
215472851895117,9327dea9-ade6-418e-9c5b-5fef1bb4cb1d,57.71763424768519,reference
215472856567390,8d86305c-c30b-450c-844d-3789cb5b1fc5,2.2408213078703705,telephone_montant_date
215472856639296,04f71b28-7364-4187-a0f3-f3405e3f1887,-111.88538872685184,reference
215472856639296,0661ed7c-504d-46bf-8ed1-238a72404b9d,-126.74103935185187,reference
215472856639296,15044d59-c9c5-41c6-a3b1-6f242ef70cd2,163.52452790509258,reference
215472856639296,152582e2-0782-48fc-946b-9c40e6b6cffe,-128.8445744328704,reference
215472856639296,27b02d36-cf54-4d60-8292-ad0855ccb083,-110.90946131944445,reference
215472856639296,62d6cc20-c8ec-49ff-a411-7828325c0d87,-111.79181414351852,reference
215472856639296,62fccb4f-9085-4739-bce8-445b384b33d0,-112.8159046412037,reference
215472856639296,64897fb8-e7f3-4565-9e14-0fc6fa5f3aca,-109.80216584490742,reference
215472856639296,6ae66e42-e37f-41f9-802b-7488a5861962,-109.8362940162037,reference
215472856639296,70f9a1c7-329d-4be8-a324-d9cbf67ea651,58.1638124537037,reference
215472856639296,749136c0-af8a-4419-bac6-c690539e3d97,-126.55654377314814,reference
215472856639296,783409bd-b518-417e-85c0-d6971644d713,-117.56862449074073,reference
215472856639296,95c4a24d-caa1-422a-bde0-1e9ded28efd8,-109.86293864583334,reference
215472856639296,96cb3cc6-9ec1-4a45-ab99-04177b1f19aa,-130.64190310185185,reference
215472856639296,9afa5a90-a3da-496b-bfdd-6ed41b4981a8,-118.49393449074074,reference
215472856639296,af06a7a0-9473-4036-be9a-a6af8daf1fab,-111.82851630787037,reference
215472856639296,b586af72-d213-47d3-beed-c47ee162b5ef,-130.65170303240743,reference
215472856639296,eb331345-4ad4-467e-8f6b-9fffe2d58217,-116.4370807986111,reference
215472856880956,2a56f111-1c9f-45ce-92c6-e879a5acbbb3,1.399612986111111,telephone_montant_date
215472857336655,ebed5599-a4f8-42bb-abe5-cfb071087cd2,1.0450893402777777,telephone_montant_date
215472857337334,e7b2e2b3-94bd-475d-9caf-761fbbcc1f91,-63.3084879050926,reference
215472857789285,6287f0ef-eda4-428c-8e9c-b7c74f5118e7,-63.018522858796295,reference
215472857879185,f1ec8682-0e92-4e45-963e-e8963bfce65b,5.313715648148148,reference
215472858449040,b0211540-c165-4db7-8cbf-39faf40ed591,0.10933097222222223,telephone_montant_date
215472860752696,5bdd2830-1288-402c-ade2-0eba9086502c,-55.14119292824074,reference
215472861108977,9a622e60-7427-4589-8865-ce2bd3f4f5f6,8.134442384259259,reference
215472873117496,38fe79b1-5cc7-45de-91d1-6ba04d5154d1,19.02933466435185,reference
215472875394584,973dd41c-f37c-467f-8389-06908af045c9,15.046967013888889,reference
215472883015920,6287f0ef-eda4-428c-8e9c-b7c74f5118e7,-64.5295876736111,reference
215472883568526,6c4cdc6b-ca8f-42d9-b9f4-08abc36a50b8,-58.53437980324074,reference
215472883568526,6d42f2cb-9d23-4c0c-8eef-023c9f5fd6cb,129.9187729861111,reference
215472883568526,83b31a52-4095-423f-aa45-f688d6e5c3b9,74.59659380787038,reference
215472883568526,c9e01fcf-39cd-4c59-a63c-9df15a5b3009,62.85342348379629,reference
215472883568526,d699269c-e48a-4336-8f04-628d429445e7,-94.53618392361112,reference
215472888439085,f176775b-0808-41b4-bf8a-0c12313f7bf2,19.061724166666668,reference
215472899155708,6287f0ef-eda4-428c-8e9c-b7c74f5118e7,-65.51036313657407,reference
215472899829483,9a622e60-7427-4589-8865-ce2bd3f4f5f6,5.829072013888888,reference
215472904991990,9986ef18-0649-4fc1-847b-d6836f2503d0,10.321748819444444,reference
215472904991990,c76cd918-c8d6-43db-994d-c5c7e2cd99bd,18.017218217592593,reference
215472914846355,bee837ff-9cc2-46f4-89f4-1893db0e0938,15.859949513888889,reference
215472923477161,973dd41c-f37c-467f-8389-06908af045c9,11.193992476851852,reference
215472923586819,f1ec8682-0e92-4e45-963e-e8963bfce65b,0.25702583333333334,reference
215472924256829,6c4cdc6b-ca8f-42d9-b9f4-08abc36a50b8,-62.10230804398148,reference
215472924256829,6d42f2cb-9d23-4c0c-8eef-023c9f5fd6cb,126.35084474537037,reference
215472924256829,83b31a52-4095-423f-aa45-f688d6e5c3b9,71.02866556712964,reference
215472924256829,c9e01fcf-39cd-4c59-a63c-9df15a5b3009,59.28549524305556,reference
215472924256829,d699269c-e48a-4336-8f04-628d429445e7,-98.10411216435185,reference
215472925076580,4a92b36a-98d3-40a9-ba48-fcef84e06a22,2.3656213310185183,telephone_montant_date+reference
215472927527459,1d57b30d-82a6-4cef-bd9d-800ee11621a0,-67.29060328703703,reference
215472927527459,8c09d71d-23b1-4ac9-9c56-da0ab5ce5adc,30.814718368055555,reference
215472929606016,b5eff751-db5a-4f1e-870c-155325867ff6,-53.062511435185186,reference
215472929606016,c9dbd3e3-d4e2-426e-addc-07f63e93719c,64.12492336805555,reference
215472929606016,f8c3ccba-e0fd-4856-b499-16aa26449105,-68.31071525462963,reference
215472930733265,05ccb780-4912-40aa-ae47-b866a84f894f,14.879791493055556,reference
215472932128359,8f4df9a7-44ee-4601-8537-0eb7ca0d445b,77.59298778935185,reference
215472932128359,bed5ef51-6d39-4b50-a7f0-9521a0840dec,71.86948203703703,reference
215472932128359,cab903b5-db3d-4949-b3a9-88d7b98ff8dd,-69.9071809837963,reference
215472932128359,d176a262-4ee6-405b-8028-63f49f4bf6e3,84.91066934027778,reference
215472938574005,9f335252-784a-4726-8171-e08424259494,6.080993611111111,reference
215472939088741,05d3311d-2510-4ba8-beee-43cbcb48e66a,14.07759758101852,reference
215472958677706,391055a0-82ac-45bf-9ed1-a178279df9a7,12.858781157407408,reference
215472958861655,b5eff751-db5a-4f1e-870c-155325867ff6,-54.94736097222222,reference
215472958861655,c9dbd3e3-d4e2-426e-addc-07f63e93719c,62.24007383101851,reference
215472958861655,f8c3ccba-e0fd-4856-b499-16aa26449105,-70.19556479166667,reference
215472959164644,05d3311d-2510-4ba8-beee-43cbcb48e66a,12.826023506944445,reference
215472962127993,a645638a-ae35-433b-b17d-888f8db29795,12.876891041666665,reference
215472971236267,48e7483a-69fb-4aa7-b2d5-26005d63ff4e,18.468924247685184,reference
215472972791298,06f185d4-6c11-4f5a-8642-446e06c32662,12.18966267361111,reference
215472977815126,1d57b30d-82a6-4cef-bd9d-800ee11621a0,-70.30487412037037,reference
215472977815126,8c09d71d-23b1-4ac9-9c56-da0ab5ce5adc,27.80044753472222,reference
215472978378200,04f71b28-7364-4187-a0f3-f3405e3f1887,-120.3103655787037,reference
215472978378200,0661ed7c-504d-46bf-8ed1-238a72404b9d,-135.16601620370372,reference
215472978378200,15044d59-c9c5-41c6-a3b1-6f242ef70cd2,155.09955105324073,reference
215472978378200,152582e2-0782-48fc-946b-9c40e6b6cffe,-137.26955128472224,reference
215472978378200,27b02d36-cf54-4d60-8292-ad0855ccb083,-119.3344381712963,reference
215472978378200,62d6cc20-c8ec-49ff-a411-7828325c0d87,-120.21679099537037,reference
215472978378200,62fccb4f-9085-4739-bce8-445b384b33d0,-121.24088149305555,reference
215472978378200,64897fb8-e7f3-4565-9e14-0fc6fa5f3aca,-118.22714269675927,reference
215472978378200,6ae66e42-e37f-41f9-802b-7488a5861962,-118.26127086805555,reference
215472978378200,70f9a1c7-329d-4be8-a324-d9cbf67ea651,49.73883560185185,reference
215472978378200,749136c0-af8a-4419-bac6-c690539e3d97,-134.981520625,reference
215472978378200,783409bd-b518-417e-85c0-d6971644d713,-125.99360134259258,reference
215472978378200,95c4a24d-caa1-422a-bde0-1e9ded28efd8,-118.28791549768519,reference
215472978378200,96cb3cc6-9ec1-4a45-ab99-04177b1f19aa,-139.0668799537037,reference
215472978378200,9afa5a90-a3da-496b-bfdd-6ed41b4981a8,-126.91891134259258,reference
215472978378200,af06a7a0-9473-4036-be9a-a6af8daf1fab,-120.25349315972223,reference
215472978378200,b586af72-d213-47d3-beed-c47ee162b5ef,-139.07667988425928,reference
215472978378200,eb331345-4ad4-467e-8f6b-9fffe2d58217,-124.86205765046296,reference
215472978481715,8f4df9a7-44ee-4601-8537-0eb7ca0d445b,74.7663095486111,reference
215472978481715,bed5ef51-6d39-4b50-a7f0-9521a0840dec,69.0428037962963,reference
215472978481715,cab903b5-db3d-4949-b3a9-88d7b98ff8dd,-72.73385922453704,reference
215472978481715,d176a262-4ee6-405b-8028-63f49f4bf6e3,82.08399109953704,reference
215472981896332,5f41f66b-a98c-4e07-8e25-1b07df9b588e,7.5715540509259265,reference
215472982068776,6287f0ef-eda4-428c-8e9c-b7c74f5118e7,-71.49740017361111,reference
215472983453760,b8110908-82ef-4186-86b6-e4b13a1bc53a,-73.52371672453704,reference
215472985234780,1d57b30d-82a6-4cef-bd9d-800ee11621a0,-70.83505930555556,reference
215472985234780,8c09d71d-23b1-4ac9-9c56-da0ab5ce5adc,27.270262349537035,reference
215472987231681,9c5c7dce-f634-4dc9-88ce-efbe0b9c7eaf,0.0033331365740740743,telephone_montant_date
215472987272530,68a8f28c-209e-4a64-b105-f368ec9470f8,0.25150560185185183,reference
215472987800191,8547500b-0964-411c-aa51-23b4f60a060c,11.977903391203704,reference
215472990938555,8f4df9a7-44ee-4601-8537-0eb7ca0d445b,73.8405109375,reference
215472990938555,bed5ef51-6d39-4b50-a7f0-9521a0840dec,68.11700518518518,reference
215472990938555,cab903b5-db3d-4949-b3a9-88d7b98ff8dd,-73.65965783564815,reference
215472990938555,d176a262-4ee6-405b-8028-63f49f4bf6e3,81.15819248842593,reference
215472993025126,1d57b30d-82a6-4cef-bd9d-800ee11621a0,-71.36089263888888,reference
215472993025126,8c09d71d-23b1-4ac9-9c56-da0ab5ce5adc,26.744429016203703,reference
215472998350211,7a80d39e-b206-4063-be8f-3da0faf61101,-82.33294472222222,reference
215473001746294,dcce5ba2-ce90-4f47-b701-656f48de899f,-2.7480888657407405,telephone_montant_date+reference
215473001789120,1d57b30d-82a6-4cef-bd9d-800ee11621a0,-71.91776763888889,reference
215473001789120,8c09d71d-23b1-4ac9-9c56-da0ab5ce5adc,26.187554016203702,reference
215473002369495,280f21ea-e192-47bf-90e7-30fb3434033c,-4.7323183912037035,reference
215473002571999,b5eff751-db5a-4f1e-870c-155325867ff6,-57.73372671296296,reference
215473002571999,c9dbd3e3-d4e2-426e-addc-07f63e93719c,59.45370809027777,reference
215473002571999,f8c3ccba-e0fd-4856-b499-16aa26449105,-72.98193053240742,reference
215473002825904,68a8f28c-209e-4a64-b105-f368ec9470f8,-0.7733786574074074,telephone_montant_date
215473002873146,04f71b28-7364-4187-a0f3-f3405e3f1887,-122.08185863425925,reference
215473002873146,0661ed7c-504d-46bf-8ed1-238a72404b9d,-136.93750925925926,reference
215473002873146,15044d59-c9c5-41c6-a3b1-6f242ef70cd2,153.32805799768516,reference
215473002873146,152582e2-0782-48fc-946b-9c40e6b6cffe,-139.04104434027778,reference
215473002873146,27b02d36-cf54-4d60-8292-ad0855ccb083,-121.10593122685187,reference
215473002873146,62d6cc20-c8ec-49ff-a411-7828325c0d87,-121.98828405092593,reference
215473002873146,62fccb4f-9085-4739-bce8-445b384b33d0,-123.01237454861112,reference
215473002873146,64897fb8-e7f3-4565-9e14-0fc6fa5f3aca,-119.99863575231483,reference
215473002873146,6ae66e42-e37f-41f9-802b-7488a5861962,-120.0327639236111,reference
215473002873146,70f9a1c7-329d-4be8-a324-d9cbf67ea651,47.9673425462963,reference
215473002873146,749136c0-af8a-4419-bac6-c690539e3d97,-136.75301368055554,reference
215473002873146,783409bd-b518-417e-85c0-d6971644d713,-127.76509439814814,reference
215473002873146,95c4a24d-caa1-422a-bde0-1e9ded28efd8,-120.05940855324074,reference
215473002873146,96cb3cc6-9ec1-4a45-ab99-04177b1f19aa,-140.83837300925924,reference
215473002873146,9afa5a90-a3da-496b-bfdd-6ed41b4981a8,-128.69040439814813,reference
215473002873146,af06a7a0-9473-4036-be9a-a6af8daf1fab,-122.02498621527778,reference
215473002873146,b586af72-d213-47d3-beed-c47ee162b5ef,-140.84817293981482,reference
215473002873146,eb331345-4ad4-467e-8f6b-9fffe2d58217,-126.63355070601851,reference
215473014163703,1d57b30d-82a6-4cef-bd9d-800ee11621a0,-73.44367041666666,reference
215473014163703,8c09d71d-23b1-4ac9-9c56-da0ab5ce5adc,24.661651238425925,reference
215473018260847,5f41f66b-a98c-4e07-8e25-1b07df9b588e,4.185142013888889,reference
215473020515000,1d57b30d-82a6-4cef-bd9d-800ee11621a0,-74.0533000462963,reference
215473020515000,8c09d71d-23b1-4ac9-9c56-da0ab5ce5adc,24.052021608796295,reference
215473022236334,04f71b28-7364-4187-a0f3-f3405e3f1887,-124.15001835648147,reference
215473022236334,0661ed7c-504d-46bf-8ed1-238a72404b9d,-139.00566898148148,reference
215473022236334,15044d59-c9c5-41c6-a3b1-6f242ef70cd2,151.25989827546294,reference
215473022236334,152582e2-0782-48fc-946b-9c40e6b6cffe,-141.1092040625,reference
215473022236334,27b02d36-cf54-4d60-8292-ad0855ccb083,-123.17409094907408,reference
215473022236334,62d6cc20-c8ec-49ff-a411-7828325c0d87,-124.05644377314816,reference
215473022236334,62fccb4f-9085-4739-bce8-445b384b33d0,-125.08053427083334,reference
215473022236334,64897fb8-e7f3-4565-9e14-0fc6fa5f3aca,-122.06679547453705,reference
215473022236334,6ae66e42-e37f-41f9-802b-7488a5861962,-122.10092364583332,reference
215473022236334,70f9a1c7-329d-4be8-a324-d9cbf67ea651,45.899182824074074,reference
215473022236334,749136c0-af8a-4419-bac6-c690539e3d97,-138.82117340277776,reference
215473022236334,783409bd-b518-417e-85c0-d6971644d713,-129.83325412037036,reference
215473022236334,95c4a24d-caa1-422a-bde0-1e9ded28efd8,-122.12756827546296,reference
215473022236334,96cb3cc6-9ec1-4a45-ab99-04177b1f19aa,-142.90653273148146,reference
215473022236334,9afa5a90-a3da-496b-bfdd-6ed41b4981a8,-130.75856412037035,reference
215473022236334,af06a7a0-9473-4036-be9a-a6af8daf1fab,-124.0931459375,reference
215473022236334,b586af72-d213-47d3-beed-c47ee162b5ef,-142.91633266203704,reference
215473022236334,eb331345-4ad4-467e-8f6b-9fffe2d58217,-128.70171042824074,reference
215473024955580,d1902123-b768-4035-a74b-cfbf37ae7e37,3.0527583333333332,reference
215473038689108,5559e9b9-f93e-44d6-96e6-3b4739828e20,7.908187152777778,reference
215473041197489,cedfdf2d-b2dc-4e47-ad70-20635aa76988,2.079868425925926,reference
215473041197489,df61b116-d39a-47de-95d1-911f4294b2b8,7.814814386574074,reference
215473053888489,04f71b28-7364-4187-a0f3-f3405e3f1887,-126.0953192824074,reference
215473053888489,0661ed7c-504d-46bf-8ed1-238a72404b9d,-140.95096990740743,reference
215473053888489,15044d59-c9c5-41c6-a3b1-6f242ef70cd2,149.31459734953702,reference
215473053888489,152582e2-0782-48fc-946b-9c40e6b6cffe,-143.05450498842595,reference
215473053888489,27b02d36-cf54-4d60-8292-ad0855ccb083,-125.119391875,reference
215473053888489,62d6cc20-c8ec-49ff-a411-7828325c0d87,-126.00174469907408,reference
215473053888489,62fccb4f-9085-4739-bce8-445b384b33d0,-127.02583519675926,reference
215473053888489,64897fb8-e7f3-4565-9e14-0fc6fa5f3aca,-124.01209640046297,reference
215473053888489,6ae66e42-e37f-41f9-802b-7488a5861962,-124.04622457175925,reference
215473053888489,70f9a1c7-329d-4be8-a324-d9cbf67ea651,43.95388189814815,reference
215473053888489,749136c0-af8a-4419-bac6-c690539e3d97,-140.7664743287037,reference
215473053888489,783409bd-b518-417e-85c0-d6971644d713,-131.7785550462963,reference
215473053888489,95c4a24d-caa1-422a-bde0-1e9ded28efd8,-124.0728692013889,reference
215473053888489,96cb3cc6-9ec1-4a45-ab99-04177b1f19aa,-144.8518336574074,reference
215473053888489,9afa5a90-a3da-496b-bfdd-6ed41b4981a8,-132.7038650462963,reference
215473053888489,af06a7a0-9473-4036-be9a-a6af8daf1fab,-126.03844686342593,reference
215473053888489,b586af72-d213-47d3-beed-c47ee162b5ef,-144.86163358796298,reference
215473053888489,eb331345-4ad4-467e-8f6b-9fffe2d58217,-130.64701135416666,reference
215473054830914,dcce5ba2-ce90-4f47-b701-656f48de899f,-7.0118041435185186,reference
215473056125284,6287f0ef-eda4-428c-8e9c-b7c74f5118e7,-77.22777054398148,reference
215473064937622,68a8f28c-209e-4a64-b105-f368ec9470f8,-5.232499027777778,reference
215473071997614,89d973fd-7d87-409f-be65-06ab74b9b9b9,5.989477974537037,reference
215473072303293,87584f6a-39af-432a-a5d0-91697d201c91,-93.79599284722222,reference
215473091908662,bf2b773c-1bb8-4c91-b287-b9606ed1fd43,4.837565092592593,reference
215473102657915,a1d631c3-e41d-43e5-8c79-d7eb6506c0b7,-7.5987992129629625,reference
215473103082043,a09be8d4-c250-4d9e-8c30-e8ddcddeb0ed,2.2110008796296294,telephone_montant_date+reference
215473106602309,b24dd47c-95e3-4e3b-9ea6-806a0d31fd0e,2.657853877314815,telephone_montant_date
215473106661264,b24dd47c-95e3-4e3b-9ea6-806a0d31fd0e,2.650076099537037,telephone_montant_date+reference
215473111621210,e5d008bd-073e-47ac-b20b-11c8bc5bf394,143.9830358912037,reference
215473119702154,46cdf8a9-cabb-47de-955c-a81f94ad9771,0.11641618055555555,telephone_montant_date
215473120099396,4efd1090-924d-408f-83eb-d5bb20514c84,0.2667315625,telephone_montant_date
215473120755315,1c50ccda-ce9a-4fc2-8c2e-42be76462050,1.2570176736111112,reference
215473121838104,b23c58e8-4fed-4590-9684-54c710fed67e,2.8974091319444444,telephone_montant_date
215473124017805,6cfbcd88-8295-4564-9a5f-4385944be42d,17.04176628472222,reference
215473126228644,85498747-b9d6-43da-911e-75c4985484c8,0.9340634606481482,reference
215473126488897,85498747-b9d6-43da-911e-75c4985484c8,0.9145958680555556,reference
215473133083201,60cb71e9-74b0-4ce8-90e7-b7d355cb8020,2.3961868981481484,telephone_montant_date
215473134240521,10e1ccb9-8ce6-4709-b40b-7e95f2ee60f8,0.8631916435185185,telephone_montant_date
215473151003234,e562332d-956e-4b90-b8b2-9341e9a5a8e1,0.10005053240740741,telephone_montant_date
215473151593564,e562332d-956e-4b90-b8b2-9341e9a5a8e1,0.0677820138888889,telephone_montant_date
215473164059481,8f4df9a7-44ee-4601-8537-0eb7ca0d445b,60.89657575231481,reference
215473164059481,bed5ef51-6d39-4b50-a7f0-9521a0840dec,55.173069999999996,reference
215473164059481,cab903b5-db3d-4949-b3a9-88d7b98ff8dd,-86.60359302083333,reference
215473164059481,d176a262-4ee6-405b-8028-63f49f4bf6e3,68.21425730324074,reference
215473175711987,c0db1194-3588-47f3-a27e-6e5ae1d08644,11.354991516203704,reference
215473176817387,f2508685-5922-4087-a0fc-5da68930c541,-54.99430681712963,reference
215473190307797,b8110908-82ef-4186-86b6-e4b13a1bc53a,-88.79589265046296,reference
215473191078580,b329e018-01ff-4ba9-896f-2eb95562490e,12.303556006944445,reference
215473198291953,e9ec4ec3-c726-4645-a6ec-ad6a5a4a5a9f,11.360557164351851,reference
215473203164700,6c4cdc6b-ca8f-42d9-b9f4-08abc36a50b8,-82.48612748842592,reference
215473203164700,6d42f2cb-9d23-4c0c-8eef-023c9f5fd6cb,105.96702530092593,reference
215473203164700,83b31a52-4095-423f-aa45-f688d6e5c3b9,50.64484612268519,reference
215473203164700,c9e01fcf-39cd-4c59-a63c-9df15a5b3009,38.90167579861111,reference
215473203164700,d699269c-e48a-4336-8f04-628d429445e7,-118.48793160879629,reference
215473207644198,3a1f9a7c-a4f7-4919-89ae-32ec09af9622,10.361762569444444,reference
215473210752912,6cfbcd88-8295-4564-9a5f-4385944be42d,10.153398229166665,reference
215473213070974,8168ee18-bbd6-4877-8f8e-899c13e0ac3e,1.7549644560185185,telephone_montant_date
215473223411656,0f30cffe-539b-4aa9-bc0c-7ad293e71daa,6.262860983796297,reference
215473224484099,35fae151-e7f2-4b58-9673-af506ab1a4a6,9.310158703703705,reference
215473225168193,8f4df9a7-44ee-4601-8537-0eb7ca0d445b,55.99249010416666,reference
215473225168193,bed5ef51-6d39-4b50-a7f0-9521a0840dec,50.26898435185185,reference
215473225168193,cab903b5-db3d-4949-b3a9-88d7b98ff8dd,-91.50767866898148,reference
215473225168193,d176a262-4ee6-405b-8028-63f49f4bf6e3,63.310171655092596,reference
215473229639835,f31eb009-4a99-4a11-acec-4703f67878c3,-90.36796820601852,reference
215473230850218,951041e3-b245-4248-948d-cbb5a5dc8d8a,-0.590899675925926,telephone_montant_date+reference
215473230971019,e7b2e2b3-94bd-475d-9caf-761fbbcc1f91,-91.43679809027778,reference
215473231105124,a355a4ac-9ce3-4803-a77e-403106da7fb3,-6.526988842592592,reference
215473231114315,bc3d760d-02bc-40a1-979d-d0e7453bb9d4,7.730860254629629,reference
215473231148513,659b4fc4-3b0d-4415-bc30-d269441701bf,-7.302639652777778,reference
215473231151122,341d0134-5f67-4a9c-b695-7c513fd1905b,-144.37275826388887,reference
215473231151122,4ba22724-3896-48cc-98a6-88eb727417b9,-142.892405,reference
215473231153617,ac01d68d-6464-45aa-ab39-d3347acf705e,-6.2514475,reference
215473231181742,90cdd6d2-3520-4e82-823a-fb0c54d136ce,-92.31473910879629,reference
215473231188188,3eee446e-0e89-41d2-8499-089d223f12dd,-42.061317199074075,reference
215473231191476,1d57b30d-82a6-4cef-bd9d-800ee11621a0,-100.36452689814814,reference
215473231191476,8c09d71d-23b1-4ac9-9c56-da0ab5ce5adc,-2.259205243055556,reference
215473232034017,04f71b28-7364-4187-a0f3-f3405e3f1887,-139.3752382638889,reference
215473232034017,0661ed7c-504d-46bf-8ed1-238a72404b9d,-154.2308888888889,reference
215473232034017,15044d59-c9c5-41c6-a3b1-6f242ef70cd2,136.03467836805555,reference
215473232034017,152582e2-0782-48fc-946b-9c40e6b6cffe,-156.33442396990742,reference
215473232034017,27b02d36-cf54-4d60-8292-ad0855ccb083,-138.3993108564815,reference
215473232034017,62d6cc20-c8ec-49ff-a411-7828325c0d87,-139.28166368055557,reference
215473232034017,62fccb4f-9085-4739-bce8-445b384b33d0,-140.30575417824073,reference
215473232034017,64897fb8-e7f3-4565-9e14-0fc6fa5f3aca,-137.29201538194445,reference
215473232034017,6ae66e42-e37f-41f9-802b-7488a5861962,-137.32614355324074,reference
215473232034017,70f9a1c7-329d-4be8-a324-d9cbf67ea651,30.673962916666667,reference
215473232034017,749136c0-af8a-4419-bac6-c690539e3d97,-154.04639331018518,reference
215473232034017,783409bd-b518-417e-85c0-d6971644d713,-145.05847402777778,reference
215473232034017,95c4a24d-caa1-422a-bde0-1e9ded28efd8,-137.35278818287037,reference
215473232034017,96cb3cc6-9ec1-4a45-ab99-04177b1f19aa,-158.13175263888888,reference
215473232034017,9afa5a90-a3da-496b-bfdd-6ed41b4981a8,-145.98378402777777,reference
215473232034017,af06a7a0-9473-4036-be9a-a6af8daf1fab,-139.31836584490742,reference
215473232034017,b586af72-d213-47d3-beed-c47ee162b5ef,-158.14155256944446,reference
215473232034017,eb331345-4ad4-467e-8f6b-9fffe2d58217,-143.92693033564814,reference
215473233724151,8f4df9a7-44ee-4601-8537-0eb7ca0d445b,55.627640567129625,reference
215473233724151,bed5ef51-6d39-4b50-a7f0-9521a0840dec,49.90413481481481,reference
215473233724151,cab903b5-db3d-4949-b3a9-88d7b98ff8dd,-91.87252820601852,reference
215473233724151,d176a262-4ee6-405b-8028-63f49f4bf6e3,62.94532211805556,reference
215473238934330,8168ee18-bbd6-4877-8f8e-899c13e0ac3e,0.16736028935185185,telephone_montant_date
215473239190262,2e30ab34-dd22-4455-9396-7f7925fcc99b,8.433257858796297,reference
215473239858973,c0e8662c-d8b0-4784-a985-652431dc0fd4,28.379096979166665,reference
215473239863875,cd00edd9-b700-4d61-a8c1-1e84eb556c8c,8.067890474537037,reference
215473241920599,3760349d-2189-4763-a144-e88f7323c685,1.2756901157407408,telephone_montant_date
215473243397664,cd00edd9-b700-4d61-a8c1-1e84eb556c8c,7.756316400462962,reference
215473249314088,700283ee-81d5-47f5-9112-a883ead819ed,1.9350288425925926,telephone_montant_date+reference
215473250823699,c8dff304-0e44-4f26-a556-cad7818e10f6,-148.16308471064815,reference
215473250901466,ce9d4c04-06bc-49c9-a16c-c5774318877c,7.868495231481481,reference
215473256265657,04f71b28-7364-4187-a0f3-f3405e3f1887,-140.89762252314813,reference
215473256265657,0661ed7c-504d-46bf-8ed1-238a72404b9d,-155.75327314814817,reference
215473256265657,15044d59-c9c5-41c6-a3b1-6f242ef70cd2,134.51229410879628,reference
215473256265657,152582e2-0782-48fc-946b-9c40e6b6cffe,-157.85680822916666,reference
215473256265657,27b02d36-cf54-4d60-8292-ad0855ccb083,-139.92169511574076,reference
215473256265657,62d6cc20-c8ec-49ff-a411-7828325c0d87,-140.8040479398148,reference
215473256265657,62fccb4f-9085-4739-bce8-445b384b33d0,-141.8281384375,reference
215473256265657,64897fb8-e7f3-4565-9e14-0fc6fa5f3aca,-138.81439964120372,reference
215473256265657,6ae66e42-e37f-41f9-802b-7488a5861962,-138.84852781249998,reference
215473256265657,70f9a1c7-329d-4be8-a324-d9cbf67ea651,29.15157865740741,reference
215473256265657,749136c0-af8a-4419-bac6-c690539e3d97,-155.56877756944445,reference
215473256265657,783409bd-b518-417e-85c0-d6971644d713,-146.58085828703702,reference
215473256265657,95c4a24d-caa1-422a-bde0-1e9ded28efd8,-138.87517244212964,reference
215473256265657,96cb3cc6-9ec1-4a45-ab99-04177b1f19aa,-159.65413689814815,reference
215473256265657,9afa5a90-a3da-496b-bfdd-6ed41b4981a8,-147.50616828703704,reference
215473256265657,af06a7a0-9473-4036-be9a-a6af8daf1fab,-140.84075010416666,reference
215473256265657,b586af72-d213-47d3-beed-c47ee162b5ef,-159.66393682870373,reference
215473256265657,eb331345-4ad4-467e-8f6b-9fffe2d58217,-145.4493145949074,reference
215473258496047,6c4cdc6b-ca8f-42d9-b9f4-08abc36a50b8,-86.08780572916666,reference
215473258496047,6d42f2cb-9d23-4c0c-8eef-023c9f5fd6cb,102.36534706018519,reference
215473258496047,83b31a52-4095-423f-aa45-f688d6e5c3b9,47.04316788194445,reference
215473258496047,c9e01fcf-39cd-4c59-a63c-9df15a5b3009,35.29999755787037,reference
215473258496047,d699269c-e48a-4336-8f04-628d429445e7,-122.08960984953703,reference
215473258882154,6c4cdc6b-ca8f-42d9-b9f4-08abc36a50b8,-86.11987748842593,reference
215473258882154,6d42f2cb-9d23-4c0c-8eef-023c9f5fd6cb,102.33327530092592,reference
215473258882154,83b31a52-4095-423f-aa45-f688d6e5c3b9,47.01109612268519,reference
215473258882154,c9e01fcf-39cd-4c59-a63c-9df15a5b3009,35.26792579861111,reference
215473258882154,d699269c-e48a-4336-8f04-628d429445e7,-122.1216816087963,reference
215473258983547,1d57b30d-82a6-4cef-bd9d-800ee11621a0,-91.15688800925926,reference
215473258983547,8c09d71d-23b1-4ac9-9c56-da0ab5ce5adc,6.948433645833333,reference
215473260564463,faa68020-5a09-4f23-9f33-f33c382621cb,7.142866238425927,reference
215473263494209,15af16e4-7e42-495c-b9c0-f93ec1d72b3b,-146.9004850462963,reference
215473263494209,8bc235f7-a412-4529-9903-85d5aed6f8ba,38.78688978009259,reference
215473265222754,faa68020-5a09-4f23-9f33-f33c382621cb,6.962553738425926,reference
215473265265337,57f4a8f8-8456-43f9-a9d0-1fe3f605c307,-0.23234458333333333,telephone_montant_date
215473269484547,ec9427c5-97a7-44a4-a26a-936aceb2a2ab,12.668278020833332,reference
215473272302692,1d57b30d-82a6-4cef-bd9d-800ee11621a0,-91.95243199074073,reference
215473272302692,8c09d71d-23b1-4ac9-9c56-da0ab5ce5adc,6.152889664351852,reference
215473273185722,96378dbd-9280-4630-87cc-9e2f12cf4e67,6.32502369212963,reference
215473273270766,d63f9d65-586d-4e64-975f-525572c13f55,6.320275289351852,reference
215473273680763,a543bbcd-47f2-4a49-acf3-956c8ed74763,-93.01309009259259,reference
215473285036933,0cab09cb-64a4-4b0d-914d-2703dd51af1a,11.75006925925926,reference
215473288734299,b06b86c0-305e-42d0-bab6-22d91e558d8c,2.4068959837962964,telephone_montant_date
215473290465423,f71509b9-06e2-47f6-bc88-73741f23ef69,1.9591763657407406,telephone_montant_date
215473290551340,b5eff751-db5a-4f1e-870c-155325867ff6,-78.84145819444444,reference
215473290551340,c9dbd3e3-d4e2-426e-addc-07f63e93719c,38.3459766087963,reference
215473290551340,f8c3ccba-e0fd-4856-b499-16aa26449105,-94.0896620138889,reference
215473290554599,2997237c-6daf-4190-aa62-1fccbaf9027a,1.9484664930555555,telephone_montant_date
215473290554599,82122155-2e4d-47b1-a28c-eccc992e8c5b,2.255179178240741,telephone_montant_date
215473290639989,2997237c-6daf-4190-aa62-1fccbaf9027a,1.9365220486111112,telephone_montant_date
215473290639989,82122155-2e4d-47b1-a28c-eccc992e8c5b,2.2432347337962963,telephone_montant_date
215473291113263,e7b2e2b3-94bd-475d-9caf-761fbbcc1f91,-94.55238836805556,reference
215473294899181,6c4cdc6b-ca8f-42d9-b9f4-08abc36a50b8,-88.57267841435186,reference
215473294899181,6d42f2cb-9d23-4c0c-8eef-023c9f5fd6cb,99.88047437499999,reference
215473294899181,83b31a52-4095-423f-aa45-f688d6e5c3b9,44.55829519675926,reference
215473294899181,c9e01fcf-39cd-4c59-a63c-9df15a5b3009,32.81512487268518,reference
215473294899181,d699269c-e48a-4336-8f04-628d429445e7,-124.57448253472221,reference
215473296299816,6c4cdc6b-ca8f-42d9-b9f4-08abc36a50b8,-88.79550248842592,reference
215473296299816,6d42f2cb-9d23-4c0c-8eef-023c9f5fd6cb,99.65765030092592,reference
215473296299816,83b31a52-4095-423f-aa45-f688d6e5c3b9,44.335471122685185,reference
215473296299816,c9e01fcf-39cd-4c59-a63c-9df15a5b3009,32.59230079861111,reference
215473296299816,d699269c-e48a-4336-8f04-628d429445e7,-124.79730660879629,reference
215473297372129,98232faf-834d-463b-af28-b409ca07c1e4,10.338726527777776,reference
215473297579535,00f76418-53bf-4b2b-b30e-824f3b8640e2,10.285165277777779,reference
215473297579535,5570a698-b134-4679-82e5-af34e907ec20,24.307590219907407,reference
215473298382747,18d9a190-d074-43a4-86fa-b4ecd2e59d70,7.974460925925926,reference
215473298920251,3fb66e40-7970-4ad8-97fe-fa0024abe358,10.118388043981481,reference
215473300454722,2301451b-100c-4656-976d-29d9c3f0d82e,9.969294317129629,reference
215473305108017,e7cbdbf1-5d0f-4a62-9077-27cee610842b,7.276256145833333,reference
215473305547252,8f4df9a7-44ee-4601-8537-0eb7ca0d445b,50.23600862268518,reference
215473305547252,bed5ef51-6d39-4b50-a7f0-9521a0840dec,44.51250287037037,reference
215473305547252,cab903b5-db3d-4949-b3a9-88d7b98ff8dd,-97.26416015046297,reference
215473305547252,d176a262-4ee6-405b-8028-63f49f4bf6e3,57.553690173611116,reference
215473305588547,8f4df9a7-44ee-4601-8537-0eb7ca0d445b,50.22941140046296,reference
215473305588547,bed5ef51-6d39-4b50-a7f0-9521a0840dec,44.50590564814815,reference
215473305588547,cab903b5-db3d-4949-b3a9-88d7b98ff8dd,-97.2707573726852,reference
215473305588547,d176a262-4ee6-405b-8028-63f49f4bf6e3,57.54709295138889,reference
215473306983058,b5eff751-db5a-4f1e-870c-155325867ff6,-80.69177069444444,reference
215473306983058,c9dbd3e3-d4e2-426e-addc-07f63e93719c,36.4956641087963,reference
215473306983058,f8c3ccba-e0fd-4856-b499-16aa26449105,-95.9399745138889,reference
215473307090391,c0e8662c-d8b0-4784-a985-652431dc0fd4,23.34342568287037,reference
215473307254618,118d1992-811f-4913-af69-0adc56b13e2c,1.002936574074074,telephone_montant_date
215473308170282,371d8f6e-55d2-4bfa-86f3-0e7634e85a45,9.24169699074074,reference
215473308223017,0cab09cb-64a4-4b0d-914d-2703dd51af1a,9.242858611111112,reference
215473310935287,6b3ff046-bbea-4269-956f-1e976f2535c1,105.14760298611111,reference
215473311912519,a3950755-73fa-4082-98b0-6a082a7ff4ee,9.028142141203704,reference
215473311912519,f0078210-d5a4-44eb-a19e-db5416913b32,23.044277905092592,reference
215473312513449,4aa581df-7741-4797-91bd-b2ae10e980d7,3.1365163541666665,reference
215473313415696,c8746512-130c-4e91-89c3-5a20d9b4d5fd,-96.79963912037037,reference
215473314212876,5bdd2830-1288-402c-ade2-0eba9086502c,-88.32502394675926,reference
215473314375252,b1a284b6-1656-423c-8fc3-96fe2b7dbe88,8.923295312499999,reference
215473315889080,951041e3-b245-4248-948d-cbb5a5dc8d8a,0.49658874999999997,telephone_montant_date
215473322208807,bccd36f7-26fb-4729-a173-aa5d89491b35,7.095031423611111,reference
215473322650560,49d79717-ea81-4553-9d7d-edbe63fb8a33,8.310396319444443,reference
215473322811754,3bd582ce-752f-4eb4-9a90-ee390942505a,2.3122137152777777,telephone_montant_date+reference
215473323076442,f71509b9-06e2-47f6-bc88-73741f23ef69,-0.9749787268518518,telephone_montant_date
215473328587051,bb61baa6-7002-4f48-a9c6-c0af6f9948b4,22.05837766203704,reference
215473335109862,3d567c94-b20f-45dc-bb2c-eb0bf91ddc0d,1.7644714351851851,reference
215473336928558,b4249f6b-3fef-4c89-9d98-afd7295e0a25,2.6806412500000003,telephone_montant_date
215473340097831,fac3db0c-4f37-4ce3-ab90-5b3b15198c56,21.40793252314815,reference
215473341303829,29a76917-81ea-4ab6-b21e-aad5447770cf,-99.08970181712962,reference
215473342239842,f71509b9-06e2-47f6-bc88-73741f23ef69,-2.047328263888889,telephone_montant_date
215473342407247,a8a50836-bdae-435a-8bda-690738d7ecea,1.231342800925926,telephone_montant_date+reference
215473344304853,3d567c94-b20f-45dc-bb2c-eb0bf91ddc0d,1.032897361111111,reference
215473345346968,951041e3-b245-4248-948d-cbb5a5dc8d8a,-1.3308418055555555,telephone_montant_date+reference
215473347671748,6287f0ef-eda4-428c-8e9c-b7c74f5118e7,-98.43554832175926,reference
215473348179677,b5eff751-db5a-4f1e-870c-155325867ff6,-83.15775449074074,reference
215473348179677,c9dbd3e3-d4e2-426e-addc-07f63e93719c,34.029680312500005,reference
215473348179677,f8c3ccba-e0fd-4856-b499-16aa26449105,-98.40595831018518,reference
215473354111509,4ab7e03d-3517-4ed3-8120-71fda34a31bd,0.24693582175925927,reference
215473355658774,4ab7e03d-3517-4ed3-8120-71fda34a31bd,0.06325526620370371,reference
215473356986597,d05ac86c-5e3d-4a0c-b85e-6c452b555e34,0.9615589814814814,telephone_montant_date
215473358450509,0a24d741-e2a6-4135-983a-1cb5038daa8a,0.17921085648148147,telephone_montant_date
215473382569408,04f71b28-7364-4187-a0f3-f3405e3f1887,-149.76465956018518,reference
215473382569408,0661ed7c-504d-46bf-8ed1-238a72404b9d,-164.6203101851852,reference
215473382569408,15044d59-c9c5-41c6-a3b1-6f242ef70cd2,125.64525707175925,reference
215473382569408,152582e2-0782-48fc-946b-9c40e6b6cffe,-166.7238452662037,reference
215473382569408,27b02d36-cf54-4d60-8292-ad0855ccb083,-148.78873215277778,reference
215473382569408,62d6cc20-c8ec-49ff-a411-7828325c0d87,-149.67108497685186,reference
215473382569408,62fccb4f-9085-4739-bce8-445b384b33d0,-150.69517547453705,reference
215473382569408,64897fb8-e7f3-4565-9e14-0fc6fa5f3aca,-147.68143667824074,reference
215473382569408,6ae66e42-e37f-41f9-802b-7488a5861962,-147.71556484953703,reference
215473382569408,70f9a1c7-329d-4be8-a324-d9cbf67ea651,20.28454162037037,reference
215473382569408,749136c0-af8a-4419-bac6-c690539e3d97,-164.43581460648147,reference
215473382569408,783409bd-b518-417e-85c0-d6971644d713,-155.44789532407407,reference
215473382569408,95c4a24d-caa1-422a-bde0-1e9ded28efd8,-147.74220947916666,reference
215473382569408,96cb3cc6-9ec1-4a45-ab99-04177b1f19aa,-168.52117393518517,reference
215473382569408,9afa5a90-a3da-496b-bfdd-6ed41b4981a8,-156.37320532407406,reference
215473382569408,af06a7a0-9473-4036-be9a-a6af8daf1fab,-149.7077871412037,reference
215473382569408,b586af72-d213-47d3-beed-c47ee162b5ef,-168.53097386574075,reference
215473382569408,eb331345-4ad4-467e-8f6b-9fffe2d58217,-154.31635163194443,reference
215473383596989,1d57b30d-82a6-4cef-bd9d-800ee11621a0,-99.98558013888889,reference
215473383596989,39b6d8c9-442f-464d-a3d8-908dda8ecafd,2.3615858449074074,telephone_montant_date
215473383596989,8c09d71d-23b1-4ac9-9c56-da0ab5ce5adc,-1.8802584837962963,reference
215473383786899,b5eff751-db5a-4f1e-870c-155325867ff6,-85.69873828703703,reference
215473383786899,c9dbd3e3-d4e2-426e-addc-07f63e93719c,31.488696516203706,reference
215473383786899,f8c3ccba-e0fd-4856-b499-16aa26449105,-100.94694210648149,reference
215473383900270,c88d8783-03e0-42cd-ae4a-bb4eea5969a3,-16.942509409722224,reference
215473384013068,8f4df9a7-44ee-4601-8537-0eb7ca0d445b,45.045869733796295,reference
215473384013068,bed5ef51-6d39-4b50-a7f0-9521a0840dec,39.32236398148148,reference
215473384013068,cab903b5-db3d-4949-b3a9-88d7b98ff8dd,-102.45429903935187,reference
215473384013068,d176a262-4ee6-405b-8028-63f49f4bf6e3,52.36355128472223,reference
215473384477539,8ebc9daf-715b-4934-a174-181b80f5e205,2.0155070833333335,telephone_montant_date+reference
215473384551779,738fd85a-ca83-4a19-8f54-0dd857a8e0af,2.1981590046296295,telephone_montant_date
215473385227780,90b800ae-21a4-4b97-b0b3-3da5043dbaa9,1.9019454050925928,telephone_montant_date+reference
215473385241247,0d01c273-c428-433a-ab6d-3c2f8e8854ba,1.8150344560185188,telephone_montant_date+reference
215473385863014,c79d74d3-c043-45bb-93ef-602f61ab77f6,1.8839869675925924,telephone_montant_date+reference
215473386585567,eddc7c18-9cf7-4a29-82a6-a3e73a032a24,1.7456736111111113,reference
215473386922219,1d57b30d-82a6-4cef-bd9d-800ee11621a0,-100.37336949074074,reference
215473386922219,8c09d71d-23b1-4ac9-9c56-da0ab5ce5adc,-2.268047835648148,reference
215473388635470,b0c582a1-c5da-4f9b-b4ab-c709c2114acc,1.512634571759259,reference
215473388902530,64f28f38-090a-49b1-9027-8fc73488848e,1.5275256712962961,telephone_montant_date+reference
215473390905457,e7cbdbf1-5d0f-4a62-9077-27cee610842b,1.1320084606481482,reference
215473391789462,c14e63a0-aa31-4578-8fc9-9ba6cd9f6a10,1.0064086689814815,telephone_montant_date+reference
215473392229586,80991bd2-b5b3-4b35-8a43-48d0db3ccfeb,0.9307228472222222,reference
215473392584782,191737c2-afea-457f-b300-b9c9f4957767,0.9316799189814815,telephone_montant_date+reference
215473393790001,67d1be2e-bf27-49a7-8ec0-f283e24c791a,-0.8928714351851852,reference
215473396239653,dcfa2379-b50e-47eb-bf76-79a2270c3012,0.540126550925926,reference
215473398830524,16f405ae-810b-4f05-bb53-2caac5f45f03,0.23565488425925923,telephone_montant_date+reference
215473399760764,39b6d8c9-442f-464d-a3d8-908dda8ecafd,0.34696778935185185,telephone_montant_date
215473400916410,04f71b28-7364-4187-a0f3-f3405e3f1887,-152.04702067129628,reference
215473400916410,0661ed7c-504d-46bf-8ed1-238a72404b9d,-166.90267129629632,reference
215473400916410,15044d59-c9c5-41c6-a3b1-6f242ef70cd2,123.36289596064815,reference
215473400916410,152582e2-0782-48fc-946b-9c40e6b6cffe,-169.0062063773148,reference
215473400916410,27b02d36-cf54-4d60-8292-ad0855ccb083,-151.07109326388888,reference
215473400916410,62d6cc20-c8ec-49ff-a411-7828325c0d87,-151.95344608796296,reference
215473400916410,62fccb4f-9085-4739-bce8-445b384b33d0,-152.97753658564815,reference
215473400916410,64897fb8-e7f3-4565-9e14-0fc6fa5f3aca,-149.96379778935187,reference
215473400916410,6ae66e42-e37f-41f9-802b-7488a5861962,-149.99792596064813,reference
215473400916410,70f9a1c7-329d-4be8-a324-d9cbf67ea651,18.002180509259258,reference
215473400916410,749136c0-af8a-4419-bac6-c690539e3d97,-166.71817571759257,reference
215473400916410,783409bd-b518-417e-85c0-d6971644d713,-157.73025643518517,reference
215473400916410,95c4a24d-caa1-422a-bde0-1e9ded28efd8,-150.0245705902778,reference
215473400916410,96cb3cc6-9ec1-4a45-ab99-04177b1f19aa,-170.80353504629628,reference
215473400916410,9afa5a90-a3da-496b-bfdd-6ed41b4981a8,-158.6555664351852,reference
215473400916410,af06a7a0-9473-4036-be9a-a6af8daf1fab,-151.9901482523148,reference
215473400916410,b586af72-d213-47d3-beed-c47ee162b5ef,-170.81333497685185,reference
215473400916410,eb331345-4ad4-467e-8f6b-9fffe2d58217,-156.59871274305556,reference
215473401669944,ae43ea8c-8342-42ec-b871-f2fb58c3cce5,0.22063172453703703,reference
215473401811914,7ecfd108-384b-4ddd-b24e-366a2728602c,0.008147164351851852,reference
215473406379079,23038c68-f905-4a03-bdc3-d971438f547b,2.8123748032407407,telephone_montant_date
215473416272611,977f67b4-9b88-4d37-b3d0-d8c5225b0e31,2.2122031250000003,telephone_montant_date
215473416867604,334dbd77-f554-4988-8823-03e4aa501ed6,1.1029309953703703,telephone_montant_date
215473416891047,0cfe73d3-8ea6-4f66-bcdb-d3eddc58a9c6,1.3549960995370371,reference
215473417002323,1769acb0-1c58-4d0a-90c4-d45eddd90e9f,1.0437008217592594,telephone_montant_date
215473417432186,d9b7f8f9-a8b1-4dde-9b8e-3af3219c3443,2.2398463425925925,telephone_montant_date
215473417853651,b6d13704-a26c-4379-934b-194fdac0e2d9,2.9394153472222224,telephone_montant_date
215473418005330,6a7b5b04-e909-4e88-83cc-500aa367519a,0.9354733912037037,telephone_montant_date+reference
215473423322045,ba110418-6c6f-4293-9115-901619b1b8c4,0.8284179050925926,telephone_montant_date
215473423438022,516f038b-5cca-4eca-975a-ed4a8b174a90,0.8295454166666667,telephone_montant_date+reference
215473428489621,4270aa1e-beef-428f-be10-aa09c2dadfd9,-1.312212974537037,telephone_montant_date
215473428492442,8bbbb01f-0793-4364-aebe-15962baaf8e9,6.700273194444445,reference
215473434560534,e251a0a3-16d2-4200-8ab2-4d3a51ab183d,2.2716287152777777,telephone_montant_date
215473434757579,5d87342c-b243-40f1-8097-05e5944e03a9,0.05393368055555556,telephone_montant_date+reference
215473434787782,6966fc5f-1f57-40f5-ae46-63ef176cb121,1.330185462962963,telephone_montant_date
215473435279872,2745468c-5c1d-4aac-89f3-c72a6399b627,1.9254230902777778,telephone_montant_date
215473435279872,5bdd2830-1288-402c-ade2-0eba9086502c,-97.03964200231482,reference
215473435487058,2c4915fb-9a28-4ecf-946c-f99554f9b8f5,1.0204355787037038,telephone_montant_date+reference
215473436379832,a08dbb29-7764-49e7-9865-6153d04860bf,1.1333130902777777,telephone_montant_date+reference
215473437367463,04f71b28-7364-4187-a0f3-f3405e3f1887,-154.23876835648147,reference
215473437367463,0661ed7c-504d-46bf-8ed1-238a72404b9d,-169.09441898148148,reference
215473437367463,15044d59-c9c5-41c6-a3b1-6f242ef70cd2,121.17114827546295,reference
215473437367463,152582e2-0782-48fc-946b-9c40e6b6cffe,-171.1979540625,reference
215473437367463,27b02d36-cf54-4d60-8292-ad0855ccb083,-153.26284094907408,reference
215473437367463,62d6cc20-c8ec-49ff-a411-7828325c0d87,-154.14519377314815,reference
215473437367463,62fccb4f-9085-4739-bce8-445b384b33d0,-155.16928427083334,reference
215473437367463,64897fb8-e7f3-4565-9e14-0fc6fa5f3aca,-152.15554547453704,reference
215473437367463,6ae66e42-e37f-41f9-802b-7488a5861962,-152.18967364583332,reference
215473437367463,70f9a1c7-329d-4be8-a324-d9cbf67ea651,15.810432824074073,reference
215473437367463,749136c0-af8a-4419-bac6-c690539e3d97,-168.90992340277776,reference
215473437367463,783409bd-b518-417e-85c0-d6971644d713,-159.92200412037036,reference
215473437367463,95c4a24d-caa1-422a-bde0-1e9ded28efd8,-152.21631827546295,reference
215473437367463,96cb3cc6-9ec1-4a45-ab99-04177b1f19aa,-172.99528273148147,reference
215473437367463,9afa5a90-a3da-496b-bfdd-6ed41b4981a8,-160.84731412037036,reference
215473437367463,af06a7a0-9473-4036-be9a-a6af8daf1fab,-154.1818959375,reference
215473437367463,b586af72-d213-47d3-beed-c47ee162b5ef,-173.00508266203704,reference
215473437367463,eb331345-4ad4-467e-8f6b-9fffe2d58217,-158.79046042824075,reference
215473449228683,e251a0a3-16d2-4200-8ab2-4d3a51ab183d,1.4044180671296296,telephone_montant_date
215473449503778,9b444c2c-449b-4149-969e-c8fb38aa94fb,0.40177431712962963,telephone_montant_date
215473449943657,ffda834e-175d-4fc7-862e-b82244f60c4c,0.39310541666666665,telephone_montant_date+reference
215473449947216,dd28e57d-1946-45e3-830d-dfe65a7d59db,1.2995921875,telephone_montant_date
215473463777692,0b86ae21-abc7-48a2-b15c-f5f4e77a692f,0.6726937731481482,telephone_montant_date
215473464218078,fdd2fa9e-3d7d-456b-9ee6-3f99d3f64c10,0.6127322222222222,telephone_montant_date+reference
215473505175710,095ff92d-b95e-40ab-b8fb-c28b79238bdb,0.6975591782407408,reference
215473545720702,96ac1989-1ace-4a88-bfee-a415568e3e60,2.3483509953703705,telephone_montant_date+reference
215473608751038,6287f0ef-eda4-428c-8e9c-b7c74f5118e7,-117.99132378472223,reference
215473657957830,bd7ee841-b29c-4a04-ad1b-7e68fee73b66,10.138096747685186,reference
215473661751055,b33e135b-8545-4fd9-9fe6-d831b734a427,11.118180763888889,reference
215473695376006,bd7ee841-b29c-4a04-ad1b-7e68fee73b66,7.093362951388889,reference
215473706839608,b9639fa7-bf09-4fbb-a5b2-3d299f76d845,98.86497312499999,reference
215473706924712,b9639fa7-bf09-4fbb-a5b2-3d299f76d845,98.8613967361111,reference
215473727356332,275c865f-bf63-4556-bd99-ffb0e0fc1156,97.6587565625,reference
215473788670403,9351de59-e317-46cc-bd29-82979d80ee55,-192.62866789351853,reference
215473788670403,e4c16b17-d775-4a93-a4e8-c1eb06ef2af0,8.241488622685186,reference
215473791694332,301340fe-94f6-4002-b469-eb36393e6a05,1.044917523148148,telephone_montant_date+reference
215473791861604,5bdd2830-1288-402c-ade2-0eba9086502c,-123.1960308912037,reference
215473803265112,ff77f154-2b94-46be-93a8-23a97bca79b4,0.9883959722222222,telephone_montant_date
215473813507944,c38461f0-0de3-4dc0-be7f-5d341bede27a,9.055641608796297,reference
215473881491009,1d57b30d-82a6-4cef-bd9d-800ee11621a0,-136.92635560185184,reference
215473881491009,8c09d71d-23b1-4ac9-9c56-da0ab5ce5adc,-38.82103394675926,reference
215473882665916,cc517f75-19b8-4950-a1a4-d659840c71dd,0.37263280092592593,reference
215473894087589,5f0169ce-2aaa-4d0f-8361-36b6a47d0da0,0.5465130787037037,telephone_montant_date+reference
215473905061223,4fa699ad-8d9e-4b25-85fd-cf052a80f90e,0.7927542939814816,telephone_montant_date
215473937529663,2ce3ec61-6ff6-49c8-9018-2eb4208b36ed,0.09615991898148149,telephone_montant_date
215473986241148,d48c26bc-b5ae-4dcd-aebb-269caea858f4,56.232709212962966,reference
215473986241148,e37fdb82-ed9c-4fde-95af-51a912c57495,-2.603884525462963,reference
215474006697218,e11ff619-56ba-4e9e-b34d-81738096faa3,0.10042358796296297,telephone_montant_date
215474031750091,c8f7141d-1bcc-4313-8d01-5af407c9d201,0.10593907407407407,reference
215474035980134,b5eff751-db5a-4f1e-870c-155325867ff6,-132.95320587962962,reference
215474035980134,c9dbd3e3-d4e2-426e-addc-07f63e93719c,-15.765771076388889,reference
215474035980134,f8c3ccba-e0fd-4856-b499-16aa26449105,-148.20140969907408,reference
215474058170719,6479989f-cb7b-4edb-915c-31ce9b5fa7f0,2.2329846527777777,telephone_montant_date
215474060612687,04f71b28-7364-4187-a0f3-f3405e3f1887,-199.30079381944444,reference
215474060612687,0661ed7c-504d-46bf-8ed1-238a72404b9d,-214.15644444444445,reference
215474060612687,15044d59-c9c5-41c6-a3b1-6f242ef70cd2,76.1091228125,reference
215474060612687,152582e2-0782-48fc-946b-9c40e6b6cffe,-216.25997952546294,reference
215474060612687,27b02d36-cf54-4d60-8292-ad0855ccb083,-198.32486641203704,reference
215474060612687,62d6cc20-c8ec-49ff-a411-7828325c0d87,-199.2072192361111,reference
215474060612687,62fccb4f-9085-4739-bce8-445b384b33d0,-200.23130973379628,reference
215474060612687,64897fb8-e7f3-4565-9e14-0fc6fa5f3aca,-197.2175709375,reference
215474060612687,6ae66e42-e37f-41f9-802b-7488a5861962,-197.2516991087963,reference
215474060612687,70f9a1c7-329d-4be8-a324-d9cbf67ea651,-29.251592638888887,reference
215474060612687,749136c0-af8a-4419-bac6-c690539e3d97,-213.97194886574073,reference
215474060612687,783409bd-b518-417e-85c0-d6971644d713,-204.98402958333332,reference
215474060612687,95c4a24d-caa1-422a-bde0-1e9ded28efd8,-197.27834373842592,reference
215474060612687,96cb3cc6-9ec1-4a45-ab99-04177b1f19aa,-218.05730819444443,reference
215474060612687,9afa5a90-a3da-496b-bfdd-6ed41b4981a8,-205.90933958333335,reference
215474060612687,af06a7a0-9473-4036-be9a-a6af8daf1fab,-199.24392140046297,reference
215474060612687,b586af72-d213-47d3-beed-c47ee162b5ef,-218.067108125,reference
215474060612687,eb331345-4ad4-467e-8f6b-9fffe2d58217,-203.85248589120368,reference
215474067214844,dbfc714c-8309-4774-94d4-aeb4ef37baf3,2.237632789351852,telephone_montant_date
215474080349571,5134e2fc-dbdf-46e5-9068-89dbb9e489f3,-175.05547924768518,reference
215474080349571,ac5fa41b-32c7-46d3-b551-8191ac65179c,-125.34720681712963,reference
215474080349571,b5e116c3-5f5a-404c-8cb7-8f6c33619d97,-19.971707488425928,reference
215474080349571,c62d72fc-70d8-48f2-97f6-c60b720ca987,37.05525747685185,reference
215474081024796,fe2467b3-6dd0-44db-8dc4-61de306bbfaa,2.6912163078703704,telephone_montant_date
215474095815912,04f71b28-7364-4187-a0f3-f3405e3f1887,-202.29465956018518,reference
215474095815912,0661ed7c-504d-46bf-8ed1-238a72404b9d,-217.1503101851852,reference
215474095815912,15044d59-c9c5-41c6-a3b1-6f242ef70cd2,73.11525707175926,reference
215474095815912,152582e2-0782-48fc-946b-9c40e6b6cffe,-219.25384526620368,reference
215474095815912,27b02d36-cf54-4d60-8292-ad0855ccb083,-201.31873215277778,reference
215474095815912,62d6cc20-c8ec-49ff-a411-7828325c0d87,-202.20108497685183,reference
215474095815912,62fccb4f-9085-4739-bce8-445b384b33d0,-203.22517547453702,reference
215474095815912,64897fb8-e7f3-4565-9e14-0fc6fa5f3aca,-200.21143667824074,reference
215474095815912,6ae66e42-e37f-41f9-802b-7488a5861962,-200.24556484953703,reference
215474095815912,70f9a1c7-329d-4be8-a324-d9cbf67ea651,-32.245458379629625,reference
215474095815912,749136c0-af8a-4419-bac6-c690539e3d97,-216.96581460648147,reference
215474095815912,783409bd-b518-417e-85c0-d6971644d713,-207.97789532407407,reference
215474095815912,95c4a24d-caa1-422a-bde0-1e9ded28efd8,-200.27220947916666,reference
215474095815912,96cb3cc6-9ec1-4a45-ab99-04177b1f19aa,-221.05117393518518,reference
215474095815912,9afa5a90-a3da-496b-bfdd-6ed41b4981a8,-208.9032053240741,reference
215474095815912,af06a7a0-9473-4036-be9a-a6af8daf1fab,-202.2377871412037,reference
215474095815912,b586af72-d213-47d3-beed-c47ee162b5ef,-221.06097386574075,reference
215474095815912,eb331345-4ad4-467e-8f6b-9fffe2d58217,-206.84635163194443,reference
215474098930202,9c6e89db-352a-4c20-a138-c939b1d51828,1.972559236111111,telephone_montant_date
215474106765021,0801adf8-5c69-4876-ba56-918b269797af,1.3633492708333332,telephone_montant_date
215474106805042,fe2467b3-6dd0-44db-8dc4-61de306bbfaa,1.0384616782407408,telephone_montant_date
215474118994432,04f71b28-7364-4187-a0f3-f3405e3f1887,-203.74448594907406,reference
215474118994432,0661ed7c-504d-46bf-8ed1-238a72404b9d,-218.60013657407407,reference
215474118994432,15044d59-c9c5-41c6-a3b1-6f242ef70cd2,71.66543068287037,reference
215474118994432,152582e2-0782-48fc-946b-9c40e6b6cffe,-220.7036716550926,reference
215474118994432,27b02d36-cf54-4d60-8292-ad0855ccb083,-202.76855854166666,reference
215474118994432,62d6cc20-c8ec-49ff-a411-7828325c0d87,-203.65091136574074,reference
215474118994432,62fccb4f-9085-4739-bce8-445b384b33d0,-204.6750018634259,reference
215474118994432,64897fb8-e7f3-4565-9e14-0fc6fa5f3aca,-201.66126306712962,reference
215474118994432,6ae66e42-e37f-41f9-802b-7488a5861962,-201.6953912384259,reference
215474118994432,70f9a1c7-329d-4be8-a324-d9cbf67ea651,-33.69528476851852,reference
215474118994432,749136c0-af8a-4419-bac6-c690539e3d97,-218.41564099537035,reference
215474118994432,783409bd-b518-417e-85c0-d6971644d713,-209.42772171296295,reference
215474118994432,95c4a24d-caa1-422a-bde0-1e9ded28efd8,-201.72203586805557,reference
215474118994432,96cb3cc6-9ec1-4a45-ab99-04177b1f19aa,-222.50100032407406,reference
215474118994432,9afa5a90-a3da-496b-bfdd-6ed41b4981a8,-210.35303171296297,reference
215474118994432,af06a7a0-9473-4036-be9a-a6af8daf1fab,-203.6876135300926,reference
215474118994432,b586af72-d213-47d3-beed-c47ee162b5ef,-222.51080025462963,reference
215474118994432,eb331345-4ad4-467e-8f6b-9fffe2d58217,-208.29617802083334,reference
215474122219850,0801adf8-5c69-4876-ba56-918b269797af,0.3317057523148148,telephone_montant_date
215474128755166,9351de59-e317-46cc-bd29-82979d80ee55,-216.85142252314813,reference
215474128755166,e4c16b17-d775-4a93-a4e8-c1eb06ef2af0,-15.981266006944443,reference
215474145709391,1d57b30d-82a6-4cef-bd9d-800ee11621a0,-155.4669574537037,reference
215474145709391,8c09d71d-23b1-4ac9-9c56-da0ab5ce5adc,-57.361635798611104,reference
215474162542792,b5eff751-db5a-4f1e-870c-155325867ff6,-143.2214350462963,reference
215474162542792,c9dbd3e3-d4e2-426e-addc-07f63e93719c,-26.034000243055555,reference
215474162542792,f8c3ccba-e0fd-4856-b499-16aa26449105,-158.46963886574073,reference
215474243954663,04f71b28-7364-4187-a0f3-f3405e3f1887,-214.17062020833333,reference
215474243954663,0661ed7c-504d-46bf-8ed1-238a72404b9d,-229.02627083333334,reference
215474243954663,15044d59-c9c5-41c6-a3b1-6f242ef70cd2,61.239296423611115,reference
215474243954663,152582e2-0782-48fc-946b-9c40e6b6cffe,-231.12980591435183,reference
215474243954663,27b02d36-cf54-4d60-8292-ad0855ccb083,-213.19469280092594,reference
215474243954663,62d6cc20-c8ec-49ff-a411-7828325c0d87,-214.07704562499998,reference
215474243954663,62fccb4f-9085-4739-bce8-445b384b33d0,-215.10113612268518,reference
215474243954663,64897fb8-e7f3-4565-9e14-0fc6fa5f3aca,-212.0873973263889,reference
215474243954663,6ae66e42-e37f-41f9-802b-7488a5861962,-212.12152549768518,reference
215474243954663,70f9a1c7-329d-4be8-a324-d9cbf67ea651,-44.121419027777776,reference
215474243954663,749136c0-af8a-4419-bac6-c690539e3d97,-228.84177525462962,reference
215474243954663,783409bd-b518-417e-85c0-d6971644d713,-219.85385597222222,reference
215474243954663,95c4a24d-caa1-422a-bde0-1e9ded28efd8,-212.1481701273148,reference
215474243954663,96cb3cc6-9ec1-4a45-ab99-04177b1f19aa,-232.92713458333333,reference
215474243954663,9afa5a90-a3da-496b-bfdd-6ed41b4981a8,-220.77916597222224,reference
215474243954663,af06a7a0-9473-4036-be9a-a6af8daf1fab,-214.11374778935186,reference
215474243954663,b586af72-d213-47d3-beed-c47ee162b5ef,-232.9369345138889,reference
215474243954663,eb331345-4ad4-467e-8f6b-9fffe2d58217,-218.72231228009258,reference
215474273220976,c7568d1a-6859-4b81-b79a-fa3a6919b842,0.8214999421296296,telephone_montant_date+reference
215474277033560,760efe98-2912-4f02-ab5a-efcac826eb0b,3.0121203703703707,reference
215474278223718,ca7aa0bd-abd0-4aa7-a655-1f6024cdcee9,0.8903903240740741,reference
215474282258503,3671c436-9d05-431b-9ed6-ddfe3b15c9f3,0.37865594907407407,telephone_montant_date
215474288607968,36434488-55e2-4f07-ab1e-985f6afb44f9,6.971528055555555,reference
215474288828556,3f181700-839f-40da-9a3f-62ffb646415f,2.1713800925925923,reference
215474292371309,4e4e0a43-1e1a-4571-a773-acb60c728484,2.0528344444444446,reference
215474292777949,18f8d667-c32d-45d9-bb2d-d8e4b5511270,46.61878048611111,reference
215474292777949,311e6894-eba0-4635-addf-d504e75991d2,-26.970332569444448,reference
215474294360187,791f9d98-879c-488c-baa1-ff3cb9494e35,1.9029274189814815,reference
215474300055269,67668359-a9d3-47ba-a305-0a41a8c5d224,1.4316442013888888,reference
215474303729041,401b02c8-4fe7-4c3c-9555-7acac044ce35,31.921838564814813,reference
215474303729041,50bb8243-e3c0-4656-8e06-6c0a83a37e0f,-22.167831041666666,reference
215474306589040,2c70cded-7fad-4807-afb7-c8a502648c75,-1.9723241435185186,reference
215474310470451,c1380489-0962-4760-9932-fdcde2480812,0.8887884722222221,reference
215474314234205,6de9beb6-d706-4bad-af01-acf798128a2c,0.46673127314814816,reference
215474315556793,affee7dc-841e-4bc3-ae49-3eb6293d07c2,0.3503776157407407,reference
215474318604600,0a51ce70-6597-4294-87ed-c1eaffac3595,2.9319584606481484,reference
215474323502445,7d5777cb-bee2-4872-ae88-65f205942f44,5.816358136574074,reference
215474328312743,9b4488bf-8485-4349-bb3f-f55d4f4246dd,5.085774247685185,reference
215474328384606,692cc33e-d5ab-43c9-936b-f6dc857222ed,9.059285000000001,reference
215474328685698,5397588c-2bca-49f8-998d-1c31601369b2,2.0066821527777776,telephone_montant_date+reference
215474334920029,face44c8-665c-4244-91bb-baa828e51fd7,-23.82971724537037,reference
215474344486458,4d53e403-65d3-40ba-8ea6-5f15bd566292,3.298549733796296,reference
215474344894073,1016b1d5-3d16-4c7c-8c3a-150ba404cec8,0.2976528472222222,telephone_montant_date+reference
215474344966177,8b1f482d-e7a2-4976-b413-a82f360d9bee,1.230223287037037,telephone_montant_date
215474345002681,432436bd-7ae6-4d11-a0c1-5b71713d0e51,0.24022528935185186,telephone_montant_date
215474345208166,d2274650-8e2a-4a51-98df-4a26f37f3a8a,0.2591794675925926,reference
215474345387914,134e2ff1-5c85-43fb-bca0-a38fe0e71662,1.258200173611111,reference
215474345651915,692cc33e-d5ab-43c9-936b-f6dc857222ed,6.928683148148148,reference
215474345763941,432436bd-7ae6-4d11-a0c1-5b71713d0e51,0.17946140046296297,telephone_montant_date
215474346358538,5928ca64-930c-4b41-bca0-e21b72526a18,-19.117810034722222,reference
215474346724835,7d0a5af3-7b20-465e-947e-682f9d138b4c,0.19995265046296296,reference
215474347201222,a69a3463-ad5b-46ae-8e86-78bd914837fd,1.1648887384259259,reference
215474348983165,babe7bec-95d8-411f-83aa-194c2c284ea7,3.1637324652777776,reference
215474351123845,3bab5303-aa53-43e3-833d-71603375b7fa,0.7870117708333333,telephone_montant_date+reference
215474356870840,7d5777cb-bee2-4872-ae88-65f205942f44,2.516358136574074,reference
215474357140723,b6ed7528-b6b5-434e-9088-fd82417eabab,6.194073796296297,reference
215474357875659,52f31543-7140-4e01-907a-06f17e2367b0,-0.8764228587962962,reference
215474359402007,2841bc57-0372-4057-8333-0479c4302932,2.3597000578703704,telephone_montant_date+reference
215474359486892,f967ab42-6d8e-49db-97c6-3273aed42fa7,0.0965832175925926,telephone_montant_date
215474360203362,791f9d98-879c-488c-baa1-ff3cb9494e35,-3.7118063773148147,reference
215474360801475,9b4488bf-8485-4349-bb3f-f55d4f4246dd,1.9274640625,reference
215474362821585,d4df040b-9248-4808-9251-12f7b8463c58,2.0530051041666666,telephone_montant_date+reference
215474362925767,da2d4de5-227f-42c7-bb19-e015661d6857,-12.85568650462963,reference
215474363174195,f305c0d5-7e4c-440b-a86d-fd7c6af3aea9,-6.072211145833332,reference
215474365859008,c574fc43-11f4-4eab-a99d-c2bb2df5ce58,1.7285333796296298,reference
215474365999008,c574fc43-11f4-4eab-a99d-c2bb2df5ce58,1.7187185648148149,reference
215474366005547,c574fc43-11f4-4eab-a99d-c2bb2df5ce58,1.718244027777778,reference
215474371361309,15c20e8b-b716-4353-86ca-7505fd08ff12,1.4410272685185184,reference
215474375730432,e7b2e2b3-94bd-475d-9caf-761fbbcc1f91,-175.45108049768518,reference
215474377930174,8f4df9a7-44ee-4601-8537-0eb7ca0d445b,-29.153331655092593,reference
215474377930174,bed5ef51-6d39-4b50-a7f0-9521a0840dec,-34.87683740740741,reference
215474377930174,cab903b5-db3d-4949-b3a9-88d7b98ff8dd,-176.65350042824076,reference
215474377930174,d176a262-4ee6-405b-8028-63f49f4bf6e3,-21.835650104166668,reference
215474382375623,b7e8c0ed-ef83-429a-942c-5996ae456afc,0.8538132291666667,reference
215474382389892,b7e8c0ed-ef83-429a-942c-5996ae456afc,0.8534891550925926,reference
215474383362515,3ee716c6-2e8b-4465-b8b5-54284e70e4a0,0.8246603009259259,reference
215474387996186,babe7bec-95d8-411f-83aa-194c2c284ea7,0.46772552083333335,telephone_montant_date+reference
215474388597393,1016b1d5-3d16-4c7c-8c3a-150ba404cec8,-2.6354258564814814,telephone_montant_date+reference
215474388683367,ec0c9596-4f4b-4076-91eb-bbeec6a58d47,0.06198600694444445,reference
215474389517367,52f31543-7140-4e01-907a-06f17e2367b0,-3.038714525462963,reference
215474391103008,face44c8-665c-4244-91bb-baa828e51fd7,-28.02040011574074,reference
215474393874565,1bb16632-85e4-4842-a6f8-d02208018e81,7.148724456018518,reference
215474395395461,04f71b28-7364-4187-a0f3-f3405e3f1887,-225.342911875,reference
215474395395461,0661ed7c-504d-46bf-8ed1-238a72404b9d,-240.1985625,reference
215474395395461,15044d59-c9c5-41c6-a3b1-6f242ef70cd2,50.06700475694445,reference
215474395395461,152582e2-0782-48fc-946b-9c40e6b6cffe,-242.3020975810185,reference
215474395395461,27b02d36-cf54-4d60-8292-ad0855ccb083,-224.3669844675926,reference
215474395395461,62d6cc20-c8ec-49ff-a411-7828325c0d87,-225.24933729166665,reference
215474395395461,62fccb4f-9085-4739-bce8-445b384b33d0,-226.27342778935184,reference
215474395395461,64897fb8-e7f3-4565-9e14-0fc6fa5f3aca,-223.25968899305556,reference
215474395395461,6ae66e42-e37f-41f9-802b-7488a5861962,-223.29381716435185,reference
215474395395461,70f9a1c7-329d-4be8-a324-d9cbf67ea651,-55.29371069444445,reference
215474395395461,749136c0-af8a-4419-bac6-c690539e3d97,-240.0140669212963,reference
215474395395461,783409bd-b518-417e-85c0-d6971644d713,-231.0261476388889,reference
215474395395461,95c4a24d-caa1-422a-bde0-1e9ded28efd8,-223.32046179398148,reference
215474395395461,96cb3cc6-9ec1-4a45-ab99-04177b1f19aa,-244.09942625,reference
215474395395461,9afa5a90-a3da-496b-bfdd-6ed41b4981a8,-231.9514576388889,reference
215474395395461,af06a7a0-9473-4036-be9a-a6af8daf1fab,-225.28603945601853,reference
215474395395461,b586af72-d213-47d3-beed-c47ee162b5ef,-244.10922618055557,reference
215474395395461,eb331345-4ad4-467e-8f6b-9fffe2d58217,-229.89460394675925,reference
215474399133033,4169121a-43af-46a9-b302-99a2305527ec,4.575672835648148,reference
215474419663811,59683cc0-e80a-46e2-9d72-b8ec572373b2,1.970745289351852,reference
215474421694070,3daddb2c-8710-465b-80ac-516f021bed2f,1.7358330902777777,reference
215474421708494,b3ded4f3-6b4e-49f9-87f3-37d5e96dc6a7,1.794478587962963,reference
215474426018126,63ec225f-96c5-4b1a-a136-dbaee9514f3d,1.2340745601851852,reference
215474426036230,35aaffab-1d55-4294-ae32-ad4892c240d2,1.1573661342592592,reference
215474426570722,ec0c9596-4f4b-4076-91eb-bbeec6a58d47,-2.9060579745370374,reference
215474426971204,692cc33e-d5ab-43c9-936b-f6dc857222ed,1.0037178703703704,reference
215474430615975,613a8a17-ce08-46d4-85c2-dc47cd7617d2,0.6004002893518519,reference
215474430769855,58faec14-82b3-48ec-8af1-f9dfc52f188d,0.5782872916666666,reference
215474431493723,29a78f04-fb05-4195-a9a7-185bd07bb563,0.5195174421296297,reference
215474435455421,ddb810f2-a1f3-4370-b197-491f5c2de168,2.2754830671296298,reference
215474435519260,dd3c3311-2701-4980-85f2-008e0688a735,-17.628342118055556,reference
215474436615593,0bd3ef44-a837-4c7c-8878-0df6ed690c57,21.34051042824074,reference
215474436615593,4baf024a-6b31-4a60-97b3-c2d99e8176d4,-37.761937708333335,reference
215474436694275,0cd2fee6-be48-41bf-b265-58fc89e1b4af,3.2598125,reference
215474438148932,fd0e248a-d62d-4397-bfa7-94c851c94cfe,0.8716355324074074,reference
215474438556473,01d86950-e27e-4d36-915d-7489471734a4,3.1290212499999996,reference
215474439018339,dbf2a4b3-3b83-48fe-b2c1-9f11ce6459a1,0.10690829861111112,reference
215474440372672,3aa2f13a-2733-451d-8355-2c431c9dc787,2.752410185185185,telephone_montant_date
215474440372672,a747539a-95cf-45e0-a1b2-46c64909be39,-0.1856379050925926,telephone_montant_date
215474444457869,1d57b30d-82a6-4cef-bd9d-800ee11621a0,-179.65674912037036,reference
215474444457869,8c09d71d-23b1-4ac9-9c56-da0ab5ce5adc,-81.55142746527777,reference
215474447952548,56abb6eb-875a-44d3-ac50-11de7c5bdbc6,3.047186759259259,reference
215474457134627,33ab0c61-9e6c-4786-9a7f-e3296c4c0d48,1.8994758680555555,reference
215474477478806,ad36b1e1-34a9-4b5f-8721-546fe70cc98e,0.4848487384259259,telephone_montant_date+reference
215474477524103,d8677fb7-6ca3-4e9b-8a49-ab8ea0700c2b,1.5460660069444445,telephone_montant_date
215474478576347,0cd2fee6-be48-41bf-b265-58fc89e1b4af,0.38253240740740746,telephone_montant_date+reference
215474478579688,b58723b6-85d6-4d86-8489-c910f075b8ea,0.43776069444444443,telephone_montant_date
215474478740460,0cd2fee6-be48-41bf-b265-58fc89e1b4af,0.3653796296296296,reference
215474478763728,0cd2fee6-be48-41bf-b265-58fc89e1b4af,0.36281018518518515,reference
215474478802099,e7403092-9ae8-4878-8180-dced72602d56,0.3669117939814815,reference
215474480379044,5f113834-98d9-48f5-bf92-9ed190d48093,0.2975921759259259,reference
215474482715231,dc873781-3d8b-412d-8fb4-d56c702b201d,1.1108866435185185,reference
215474485538529,5654a6ad-5029-46b4-a625-4bb5415c83d5,1.0563658796296296,reference
215474489200902,5583daa5-faf4-420d-afba-6064d6986423,0.9316005671296297,telephone_montant_date
215474489769745,51ff4e66-fdfa-435d-8104-f8e3f6ab5c26,0.8498448032407407,reference
215474493132855,a70ad0d0-517b-489a-88ce-b76caff5ad41,4.574587002314814,reference
215474493261660,649c1aae-7223-4e27-9699-7bd5067335b9,-15.567728321759258,reference
215474498507659,922200bb-258a-451f-ab42-783ee029da4c,4.147833495370371,reference
215474500075282,f18e2d33-4bf1-48ba-9ec6-fade1585b1e8,-36.90371157407407,reference
215474501245364,8f5f6453-b9cf-4390-9473-9e488c5d9337,-0.020760405092592592,telephone_montant_date
215474502893497,04ac0770-0a26-4326-8961-4512564bcec1,2.917352465277778,reference
215474503425538,cf6ec572-5340-4376-84f3-4fdf9be246ea,2.9085153240740738,reference
215474509014472,065b9c9f-dee4-4507-91de-d42631bdfb51,2.301268726851852,telephone_montant_date
215474509545286,065b9c9f-dee4-4507-91de-d42631bdfb51,2.2114539120370367,telephone_montant_date
215474509565715,065b9c9f-dee4-4507-91de-d42631bdfb51,2.2094978935185186,telephone_montant_date
215474509860905,065b9c9f-dee4-4507-91de-d42631bdfb51,2.1746599305555554,telephone_montant_date
215474509953144,247f6b6a-b529-48ef-a91b-16e4745f343e,2.028078125,telephone_montant_date
215474509972165,065b9c9f-dee4-4507-91de-d42631bdfb51,2.154578912037037,telephone_montant_date
215474510490242,065b9c9f-dee4-4507-91de-d42631bdfb51,2.069115949074074,telephone_montant_date
215474510601164,a2cc1052-4cce-47df-932c-977e2eaf2808,2.217840925925926,reference
215474512223606,065b9c9f-dee4-4507-91de-d42631bdfb51,1.8864076157407406,telephone_montant_date
215474512286784,065b9c9f-dee4-4507-91de-d42631bdfb51,1.8790233564814813,telephone_montant_date
215474512975545,065b9c9f-dee4-4507-91de-d42631bdfb51,1.8316622453703701,telephone_montant_date
215474513053553,bdbafd6c-f89a-4194-a229-2fe784b637c7,2.010170555555556,reference
215474513069677,73ae4e07-8044-487a-8a73-4ba1265adbda,1.8862888657407408,telephone_montant_date
215474513392495,4cfacb8a-a6db-4f48-b7cd-c58a677c460c,1.685098449074074,telephone_montant_date
215474513575354,235b685f-056d-45ab-963a-559766a6125d,1.8951629976851854,reference
215474513634125,cea399d3-cad4-4805-b69b-b826c5ea98c3,1.8828667592592592,reference
215474514224440,7c164b11-ed8f-4382-b910-726918bc7f9d,1.5394097800925926,telephone_montant_date
215474514636594,32c91a35-3f02-4b42-b187-f5815ad82d79,2.7699490972222223,telephone_montant_date
215474516670865,065b9c9f-dee4-4507-91de-d42631bdfb51,1.3016390972222223,telephone_montant_date
215474516670865,e1a3e18c-43a1-4290-bb7f-5199e5cad3fb,2.550882141203704,telephone_montant_date
215474516864301,065b9c9f-dee4-4507-91de-d42631bdfb51,1.2644631712962964,telephone_montant_date
215474516864301,e1a3e18c-43a1-4290-bb7f-5199e5cad3fb,2.513706215277778,telephone_montant_date
215474517241775,ad7eb142-4efa-4a36-b2b1-663bbe0000d5,3.2250912037037036,reference
215474517325157,ad7eb142-4efa-4a36-b2b1-663bbe0000d5,3.212139814814815,reference
215474517482620,3f5372c2-eee9-4c8b-adb0-e1bc2a76335c,2.429847164351852,telephone_montant_date
215474517661518,c34b345f-60b2-4ad6-94ac-d8351895da0e,1.262874398148148,reference
215474519558530,065b9c9f-dee4-4507-91de-d42631bdfb51,0.8974377083333334,telephone_montant_date
215474519558530,e1a3e18c-43a1-4290-bb7f-5199e5cad3fb,2.146680752314815,telephone_montant_date
215474520449204,f9fd68d9-df52-40c7-b592-0af1f41faa0e,-2.2153487152777775,reference
215474525744348,065b9c9f-dee4-4507-91de-d42631bdfb51,0.28247243055555554,telephone_montant_date
215474525744348,e1a3e18c-43a1-4290-bb7f-5199e5cad3fb,1.5317154745370372,telephone_montant_date
215474525756288,065b9c9f-dee4-4507-91de-d42631bdfb51,0.28096780092592594,telephone_montant_date
215474525756288,e1a3e18c-43a1-4290-bb7f-5199e5cad3fb,1.5302108449074074,telephone_montant_date
215474525768071,065b9c9f-dee4-4507-91de-d42631bdfb51,0.2794863194444444,telephone_montant_date
215474525768071,e1a3e18c-43a1-4290-bb7f-5199e5cad3fb,1.528729363425926,telephone_montant_date
215474525784809,065b9c9f-dee4-4507-91de-d42631bdfb51,0.2776228935185185,telephone_montant_date
215474525784809,e1a3e18c-43a1-4290-bb7f-5199e5cad3fb,1.5268659375,telephone_montant_date
215474525794914,065b9c9f-dee4-4507-91de-d42631bdfb51,0.27607196759259256,telephone_montant_date
215474525794914,e1a3e18c-43a1-4290-bb7f-5199e5cad3fb,1.5253150115740741,telephone_montant_date
215474525799429,065b9c9f-dee4-4507-91de-d42631bdfb51,0.27533122685185185,telephone_montant_date
215474525799429,e1a3e18c-43a1-4290-bb7f-5199e5cad3fb,1.5245742708333334,telephone_montant_date
215474526600862,04ac0770-0a26-4326-8961-4512564bcec1,0.3629774652777778,reference
215474526641298,92f64104-9e46-4f7b-a0ec-d1bd105dd2f7,1.4777421296296296,telephone_montant_date
215474527091958,1bf2aa66-1ebd-4705-815b-a17f7bf4bc7a,2.431976944444444,telephone_montant_date
215474527091958,cd9242df-ca1a-4387-8cef-9f77de412a2c,1.4691938425925926,telephone_montant_date
215474528385780,faf6a7ee-0b9e-4685-90d1-f7fde24ec823,1.4484271527777777,telephone_montant_date
215474528567970,c986aa17-1fa0-450e-b9cc-385ccaed68f6,-137.95417072916666,reference
215474528567970,f6d46ca5-3808-4a3d-8c39-5b63686c6284,-19.860303414351854,reference
215474528707275,03fedb6f-5a4c-4471-a75e-fa7c34a4c712,0.3060565972222222,reference
215474529074476,5cc2cfb0-4353-41af-8652-b28ec2ff627b,0.28122769675925924,reference
215474529083030,64309486-988b-4099-b0d0-8352fc11544f,14.387919791666667,reference
215474529083030,ba11085f-3a16-4229-8756-99e578e6a3b9,0.29208526620370373,reference
215474529211204,aecdc9b7-4dcf-4008-9b8d-d5c308f18d99,3.3000899305555556,reference
215474531098964,329a7ff6-e941-45f4-9732-3672dfedc260,-33.77523237268519,reference
215474532075457,08561b1a-34d8-4338-befe-5ed0cd633fa4,1.267090648148148,telephone_montant_date
215474532843072,ccaa4d70-1228-4159-b40b-035efa60a0ce,2.88841693287037,telephone_montant_date
215474533514843,dd3c3311-2701-4980-85f2-008e0688a735,-24.908527303240742,reference
215474535279227,8f4df9a7-44ee-4601-8537-0eb7ca0d445b,-41.27382934027778,reference
215474535279227,bed5ef51-6d39-4b50-a7f0-9521a0840dec,-46.99733509259259,reference
215474535279227,cab903b5-db3d-4949-b3a9-88d7b98ff8dd,-188.77399811342593,reference
215474535279227,d176a262-4ee6-405b-8028-63f49f4bf6e3,-33.95614778935185,reference
215474536318161,a70ad0d0-517b-489a-88ce-b76caff5ad41,0.9880013541666666,reference
215474540188902,7170bbf8-55b5-42f3-b69a-be284fb569cf,0.7250235648148148,telephone_montant_date
215474540188902,8ef65322-8d3c-4d12-9861-48cfa9c4c87b,-0.5249462962962963,telephone_montant_date
215474540230254,7170bbf8-55b5-42f3-b69a-be284fb569cf,0.7225467129629629,telephone_montant_date
215474540230254,8ef65322-8d3c-4d12-9861-48cfa9c4c87b,-0.5274231481481482,telephone_montant_date
215474541649912,8707dd1e-616b-4bbd-8241-e09f25210ad4,38.261391655092595,reference
215474541838042,7170bbf8-55b5-42f3-b69a-be284fb569cf,0.5178013425925926,telephone_montant_date
215474541838042,8ef65322-8d3c-4d12-9861-48cfa9c4c87b,-0.7321685185185185,telephone_montant_date
215474541879876,7170bbf8-55b5-42f3-b69a-be284fb569cf,0.51489625,telephone_montant_date
215474541879876,8ef65322-8d3c-4d12-9861-48cfa9c4c87b,-0.7350736111111111,telephone_montant_date
215474541884367,7170bbf8-55b5-42f3-b69a-be284fb569cf,0.5144332870370371,telephone_montant_date
215474541884367,8ef65322-8d3c-4d12-9861-48cfa9c4c87b,-0.7355365740740741,telephone_montant_date
215474542343026,7170bbf8-55b5-42f3-b69a-be284fb569cf,0.4749425462962963,telephone_montant_date
215474542343026,8ef65322-8d3c-4d12-9861-48cfa9c4c87b,-0.7750273148148148,telephone_montant_date
215474542418816,fc28cff4-958d-4d39-a1bd-457657b6cacc,0.44650913194444447,reference
215474542431636,7170bbf8-55b5-42f3-b69a-be284fb569cf,0.46674810185185184,telephone_montant_date
215474542431636,8ef65322-8d3c-4d12-9861-48cfa9c4c87b,-0.7832217592592593,telephone_montant_date
215474542535802,7170bbf8-55b5-42f3-b69a-be284fb569cf,0.45331060185185185,telephone_montant_date
215474542535802,8ef65322-8d3c-4d12-9861-48cfa9c4c87b,-0.7966592592592593,telephone_montant_date
215474542798480,7170bbf8-55b5-42f3-b69a-be284fb569cf,0.42674810185185186,telephone_montant_date
215474542798480,8ef65322-8d3c-4d12-9861-48cfa9c4c87b,-0.8232217592592592,telephone_montant_date
215474542811682,7170bbf8-55b5-42f3-b69a-be284fb569cf,0.4252550462962963,telephone_montant_date
215474542811682,8ef65322-8d3c-4d12-9861-48cfa9c4c87b,-0.8247148148148148,telephone_montant_date
215474542949651,7170bbf8-55b5-42f3-b69a-be284fb569cf,0.4123615277777778,telephone_montant_date
215474542949651,8ef65322-8d3c-4d12-9861-48cfa9c4c87b,-0.8376083333333333,telephone_montant_date
215474544098855,8ab4b265-d74a-4abf-9071-52ebebd9ce36,0.2887402777777778,reference
215474545707410,715bf2d9-aa3d-47cc-a8c2-600e4c8c58e5,2.184586284722222,telephone_montant_date
215474546771599,361250c3-ba17-4911-b74c-30a297f2e126,-181.0011639351852,reference
215474546815815,3d12ca22-be09-4536-8e1c-5b8949423ea2,0.2652897222222222,telephone_montant_date
215474547817555,361250c3-ba17-4911-b74c-30a297f2e126,-181.04264541666666,reference
215474547817555,3d12ca22-be09-4536-8e1c-5b8949423ea2,0.2266786111111111,telephone_montant_date
215474548772374,7170bbf8-55b5-42f3-b69a-be284fb569cf,0.12240782407407408,telephone_montant_date
215474548772374,8ef65322-8d3c-4d12-9861-48cfa9c4c87b,-1.127562037037037,telephone_montant_date
215474549749581,fc28cff4-958d-4d39-a1bd-457657b6cacc,0.06392811342592593,reference
215474549758359,4206663a-0968-4f1f-8d78-66ebab023626,1.8056545023148147,telephone_montant_date
215474550466686,b9697965-18a0-4f56-89a6-4ec1c3941b1e,0.8501025578703704,telephone_montant_date
215474552279495,45cbe925-0b46-48aa-854b-64bd7edf0c5a,1.6706033796296298,telephone_montant_date
215474553621017,1fc4c094-b4fc-48e1-bf34-439d4b250358,1.7848872337962964,telephone_montant_date
215474553621017,c761ae0c-d749-4cdf-9966-94061c0ed243,1.6685867129629628,telephone_montant_date
215474556955293,05ee9377-51ce-48ad-9bba-2a5f80053454,1.4267049652777777,reference
215474557177866,7d36abb5-adce-417e-a136-8e3c76403bf1,1.4062174652777777,reference
215474558689778,6a015f92-8066-48bc-8ff9-4c378a63a999,1.2492817708333335,telephone_montant_date
215474558719909,c5d20f3f-b3de-4897-aadb-1351059ab85f,2.1616107175925925,telephone_montant_date
215474559088209,d9b60565-a13d-4fe7-8eaa-27a1c478f8a5,1.2186377662037038,telephone_montant_date+reference
215474559306484,2e7c98b1-8a3f-48d9-84b5-2ba8f453b4e1,1.2212294907407408,reference
215474560919228,05ee9377-51ce-48ad-9bba-2a5f80053454,1.1163577430555556,telephone_montant_date
215474561724950,d6f8c48b-6d9f-492b-b4e0-9e65a0deb216,2.026097569444444,telephone_montant_date
215474562195441,30ba0bb3-9d98-4c5a-a974-2fd95fb37652,0.9210035648148148,reference
215474562302115,f293334d-741b-49f4-b120-ebc61efb9caa,1.9651663657407408,telephone_montant_date+reference
215474564605093,7b3035ca-8e15-48fe-ac58-a1eb82f531d8,2.007918599537037,reference
215474564609521,ca630473-2f19-4874-b10f-bdfb7e170762,-1.3226579398148148,telephone_montant_date
215474564738627,bb5869c4-881b-43b6-a8d7-f1a82771b627,1.8309411342592594,telephone_montant_date
215474566156284,2dd607fa-be3d-4e66-aadf-52f499558f24,0.9459529745370371,reference
215474567047338,cc9f810b-3df2-4902-a795-d106433dea13,1.6050297685185184,telephone_montant_date
215474567291890,498e7730-877a-452f-af6e-1945659aa4c5,0.8888859953703704,reference
215474568332206,4b0fd271-1eaa-4526-a1be-47558ee67d98,-0.2358092013888889,reference
215474571560157,01af020c-1a72-4d18-944a-33cdd920b129,0.32997327546296296,telephone_montant_date
215474572139639,30ba0bb3-9d98-4c5a-a974-2fd95fb37652,0.13782069444444445,reference
215474572265232,fc28cff4-958d-4d39-a1bd-457657b6cacc,-6.005099664351851,reference
215474572266246,1d57b30d-82a6-4cef-bd9d-800ee11621a0,-189.4711125462963,reference
215474572266246,8c09d71d-23b1-4ac9-9c56-da0ab5ce5adc,-91.3657908912037,reference
215474575412902,297c8693-3aad-4753-a077-9f9a3ed716c0,0.1119162037037037,telephone_montant_date
215474575412902,5898d984-db84-48e1-98eb-816a9e7a60f5,0.9304282638888888,telephone_montant_date
215474575412902,caea621d-e4b2-48e2-a455-656fad86d1a9,-1.778190787037037,telephone_montant_date
215474576811646,14f9dbf9-88a6-45a9-904d-8e23d9f444b9,41.05771733796296,reference
215474580581628,5134e2fc-dbdf-46e5-9068-89dbb9e489f3,-213.20987739583336,reference
215474580581628,ac5fa41b-32c7-46d3-b551-8191ac65179c,-163.50160496527778,reference
215474580581628,b5e116c3-5f5a-404c-8cb7-8f6c33619d97,-58.126105636574074,reference
215474580581628,c62d72fc-70d8-48f2-97f6-c60b720ca987,-1.0991406712962963,reference
215474588563122,8f4df9a7-44ee-4601-8537-0eb7ca0d445b,-45.160970543981485,reference
215474588563122,bed5ef51-6d39-4b50-a7f0-9521a0840dec,-50.8844762962963,reference
215474588563122,cab903b5-db3d-4949-b3a9-88d7b98ff8dd,-192.66113931712965,reference
215474588563122,d176a262-4ee6-405b-8028-63f49f4bf6e3,-37.84328899305556,reference
215474590499939,9b2d4e64-87be-4398-a93b-1749530e29e7,-1.9618535069444445,reference
215474592574515,ad7eb142-4efa-4a36-b2b1-663bbe0000d5,-2.284260648148148,reference
215474596568876,956926c8-493d-4ebb-8afc-2534f7cda8e4,-1.9482761111111113,telephone_montant_date
215474597064413,bb84f2cc-ea4a-434d-a0b5-62841e00b00c,3.27310931712963,reference
215474598931470,9998d8f9-282b-4755-80e8-36323ce2eef7,1.829580613425926,telephone_montant_date
215474602549491,19445923-7625-4be0-832a-98515540c888,10.392510416666667,reference
215474603374809,4867b30e-16d0-48c9-a633-74705f0429b6,33.3594859837963,reference
215474615699417,0ffc374d-675e-4a4f-b1da-6b470154ae79,1.1985063541666665,reference
215474616712657,dbd7726b-6afe-4381-94a1-2bfb9f4283d2,1.1460113078703702,telephone_montant_date
215474617285635,5715744a-4b3e-4bfb-b84b-f819d8927ca8,2.7622264583333336,telephone_montant_date
215474636920734,c986aa17-1fa0-450e-b9cc-385ccaed68f6,-146.9714392476852,reference
215474636920734,f6d46ca5-3808-4a3d-8c39-5b63686c6284,-28.877571932870367,reference
215474640246128,f42efd0b-12f5-4836-8f81-f88e656d1205,0.20459829861111112,reference
215474641242746,a1a86456-07c9-4de6-83e4-26e305668b40,-233.30514510416668,reference
215474642476685,face44c8-665c-4244-91bb-baa828e51fd7,-48.18558530092592,reference
215474642556924,9b2d4e64-87be-4398-a93b-1749530e29e7,-6.978959988425927,reference
215474644726705,04f71b28-7364-4187-a0f3-f3405e3f1887,-245.50984474537037,reference
215474644726705,0661ed7c-504d-46bf-8ed1-238a72404b9d,-260.36549537037035,reference
215474644726705,15044d59-c9c5-41c6-a3b1-6f242ef70cd2,29.900071886574075,reference
215474644726705,152582e2-0782-48fc-946b-9c40e6b6cffe,-262.46903045138885,reference
215474644726705,27b02d36-cf54-4d60-8292-ad0855ccb083,-244.53391733796298,reference
215474644726705,62d6cc20-c8ec-49ff-a411-7828325c0d87,-245.41627016203702,reference
215474644726705,62fccb4f-9085-4739-bce8-445b384b33d0,-246.44036065972222,reference
215474644726705,64897fb8-e7f3-4565-9e14-0fc6fa5f3aca,-243.42662186342594,reference
215474644726705,6ae66e42-e37f-41f9-802b-7488a5861962,-243.46075003472222,reference
215474644726705,70f9a1c7-329d-4be8-a324-d9cbf67ea651,-75.46064356481482,reference
215474644726705,749136c0-af8a-4419-bac6-c690539e3d97,-260.18099979166664,reference
215474644726705,783409bd-b518-417e-85c0-d6971644d713,-251.19308050925926,reference
215474644726705,95c4a24d-caa1-422a-bde0-1e9ded28efd8,-243.48739466435185,reference
215474644726705,96cb3cc6-9ec1-4a45-ab99-04177b1f19aa,-264.26635912037034,reference
215474644726705,9afa5a90-a3da-496b-bfdd-6ed41b4981a8,-252.11839050925929,reference
215474644726705,af06a7a0-9473-4036-be9a-a6af8daf1fab,-245.4529723263889,reference
215474644726705,b586af72-d213-47d3-beed-c47ee162b5ef,-264.2761590509259,reference
215474644726705,eb331345-4ad4-467e-8f6b-9fffe2d58217,-250.06153681712962,reference
215474647710797,15afe1d9-939e-4f0c-a1a6-66ab4f0cef33,-12.703786284722222,reference
215474647710797,c899e184-3abd-4f38-a2db-501a88fdda55,-266.7202124768518,reference
215474648249658,7e1d3d39-6f9f-4ca6-b53c-e5b072158afa,-2.4265596064814816,telephone_montant_date
215474650958179,6c4cdc6b-ca8f-42d9-b9f4-08abc36a50b8,-191.10005109953704,reference
215474650958179,6d42f2cb-9d23-4c0c-8eef-023c9f5fd6cb,-2.6468983101851853,reference
215474650958179,83b31a52-4095-423f-aa45-f688d6e5c3b9,-57.969077488425924,reference
215474650958179,c9e01fcf-39cd-4c59-a63c-9df15a5b3009,-69.7122478125,reference
215474650958179,d699269c-e48a-4336-8f04-628d429445e7,-227.1018552199074,reference
215474656827316,70567b17-0674-42e6-bef8-572264105c04,-55.06743380787037,reference
215474660993240,94e7b24a-ea6e-4015-9da6-3290d3ef39b9,0.6674197685185185,reference
215474661525002,94e7b24a-ea6e-4015-9da6-3290d3ef39b9,0.5803711574074074,reference
215474664740431,d766aa28-0ec0-4e11-b523-fffe9c44108f,4.252650706018518,reference
215474664854096,008ca22b-5e4a-4d71-9529-bebeac7af5e7,-0.05854902777777778,reference
215474691572122,d7bc829b-783b-4477-824b-b67aa67e20a5,33.067238993055554,reference
215474691933973,dd3c3311-2701-4980-85f2-008e0688a735,-36.70093471064815,reference
215474693017726,34bc0b5a-eba0-4638-85ec-8f938535e265,0.3766154050925926,telephone_montant_date
215474694031445,31ddf269-b083-4fa3-a68d-5c828f9aeabd,1.8979943518518518,telephone_montant_date+reference
215474694386088,39807aab-d73c-42ab-8866-5f2d188424ff,5.083532094907407,reference
215474695268208,e798aace-f517-493d-97ea-44f6ca544a94,25.615046122685182,reference
215474698803415,15b38ecc-910e-448c-941d-7116227c1eee,2.008325300925926,telephone_montant_date+reference
215474701402999,996bc2f2-1dbd-4b0c-9fdb-f3e2b82f9ae8,3.1056373842592593,reference
215474702880327,3823615e-dd14-42f0-a404-44ccda921b64,0.8865820717592593,telephone_montant_date
215474702880327,8b9f0112-73d4-4c87-ab8f-d9ca9a966775,1.8557991087962964,telephone_montant_date+reference
215474706321826,bc24d24f-1618-4b58-9378-4901ffb82a4f,3.4925296296296295,reference
215474707481503,d7bc829b-783b-4477-824b-b67aa67e20a5,31.052690381944444,reference
215474708469249,df062fef-1e0e-4be0-9c87-8e24dc40a073,1.275628460648148,reference
215474712429260,d766aa28-0ec0-4e11-b523-fffe9c44108f,1.1039354282407408,telephone_montant_date+reference
215474719934435,15afe1d9-939e-4f0c-a1a6-66ab4f0cef33,-17.82960804398148,reference
215474719934435,c899e184-3abd-4f38-a2db-501a88fdda55,-271.8460342361111,reference
215474720952359,dd3c3311-2701-4980-85f2-008e0688a735,-39.617821284722226,reference
215474722074202,978d0177-82a7-4c6b-9f4f-949b36fd8471,2.079711053240741,reference
215474723926864,67418c04-309d-4a54-84ca-0b7fadf1957b,6.924079895833334,reference
215474724396716,67b4e5d7-431c-44b0-b0e7-9cc431c4a3d6,20.831703854166665,reference
215474724442473,941e89f4-9549-4bb0-97ba-5e4700c5cbfa,1.9521617824074073,reference
215474728262063,9e1ffaf0-9815-4283-90b7-8afd3e6e2621,1.778261076388889,reference
215474728541558,9e1ffaf0-9815-4283-90b7-8afd3e6e2621,1.759360613425926,reference
215474735839476,2f0c94b3-131b-4beb-8f88-72132143831b,1.1637033333333333,telephone_montant_date+reference
215474744663513,bc24d24f-1618-4b58-9378-4901ffb82a4f,0.9769162037037037,reference
215474745940203,59683cc0-e80a-46e2-9d72-b8ec572373b2,-23.45090980324074,reference
215474753002385,7c9ffb92-a5a8-48bc-8d22-84beb5db4098,-0.03398912037037037,reference
215474756855417,6eca4bbc-8973-4744-9d39-7cd97484efee,4.866213715277778,reference
215474758235769,fc28cff4-958d-4d39-a1bd-457657b6cacc,-15.957391331018519,reference
215474759992329,41a620d8-1ac9-4e73-97fc-b8191de3ad52,-6.9097217013888885,reference
215474766345408,361250c3-ba17-4911-b74c-30a297f2e126,-197.7227611574074,reference
215474767000555,e2fb33f4-191a-4c84-9b8f-64bb264a1b3c,6.374594074074073,reference
215474767712853,5ee36f65-4870-4b68-aa3d-5eb71c33a17a,4.0237432175925925,reference
215474767760481,d7bc829b-783b-4477-824b-b67aa67e20a5,27.00412556712963,reference
215474773259925,35292426-b082-4b1e-b424-1f7b4362b284,3.6682220486111112,reference
215474785887071,c3c76cc5-263b-4a7e-a0e9-823372e5948b,11.187488773148148,reference
215474787619310,3cf14656-d0d5-4542-b0e8-0bdd62c4da43,1.8812069097222222,reference
215474787931501,cbd0387d-e05c-40ab-a35b-a7827b784c4b,1.8398076273148147,reference
215474787989460,cbd0387d-e05c-40ab-a35b-a7827b784c4b,1.835166423611111,reference
215474789240821,dcb9c72d-c6ed-4042-baef-40d2f873d326,0.6823446990740741,reference
215474793018052,af7406dc-916a-4e14-ac38-b93888de9c9d,0.5694580439814815,reference
215474794871024,7a622f85-0546-417e-8125-bca1ad9ca065,1.0549460416666667,reference
215474802454757,30ce63a2-bbf5-4a90-ae61-b54b4b524a80,0.7104484375000001,reference
215474811737628,1d57b30d-82a6-4cef-bd9d-800ee11621a0,-208.239966712963,reference
215474811737628,8c09d71d-23b1-4ac9-9c56-da0ab5ce5adc,-110.13464505787037,reference
215474816660217,a30e5210-2bdb-40a3-a434-63f3aad749e1,1.903314988425926,reference
215474822318703,e2fb33f4-191a-4c84-9b8f-64bb264a1b3c,1.4088533333333333,reference
215474824021524,6287f0ef-eda4-428c-8e9c-b7c74f5118e7,-210.11068721064814,reference
215474824072576,a30e5210-2bdb-40a3-a434-63f3aad749e1,1.2671691550925925,reference
215474826493990,37f1a7d8-24ef-4f48-a4d4-cc1ef80135df,1.1525882523148148,reference
215474827213189,37f1a7d8-24ef-4f48-a4d4-cc1ef80135df,1.1397757523148149,reference
215474828044470,fc28cff4-958d-4d39-a1bd-457657b6cacc,-21.869902905092594,reference
215474828998877,8f4df9a7-44ee-4601-8537-0eb7ca0d445b,-64.2117228587963,reference
215474828998877,bed5ef51-6d39-4b50-a7f0-9521a0840dec,-69.93522861111111,reference
215474828998877,cab903b5-db3d-4949-b3a9-88d7b98ff8dd,-211.71189163194444,reference
215474828998877,d176a262-4ee6-405b-8028-63f49f4bf6e3,-56.89404130787037,reference
215474829979151,1770c96a-3990-4f43-9661-6a8c45d5b81d,1.1622736111111112,reference
215474831029649,8b8e688b-426b-4e20-a48e-1de3cfa23e52,1.0344451967592594,telephone_montant_date+reference
215474838248017,83ac93c1-df6c-412a-9b47-72075688f75f,0.5185488194444444,telephone_montant_date
215474838311873,045ee1b0-a660-4f71-81c0-51a49fb9639c,0.5114946990740741,telephone_montant_date+reference
215474838334569,6c62de85-ac24-4b6f-9a47-f02d71a8e7e9,0.4982793287037037,reference
215474838397286,f616a49e-3c54-4193-92da-b5fadd318f3b,1.446389849537037,telephone_montant_date+reference
215474838484290,1d8b5ccd-9ce9-4e7d-a045-10475f79a129,0.49873952546296296,telephone_montant_date
215474838484290,7f21ca7b-c3f7-4eb3-8093-51d7e10a05d6,0.49566960648148145,telephone_montant_date
215474839136528,23ebfdd1-a1ab-4217-8f18-9fbf05f7155c,2.2050268749999997,telephone_montant_date
215474839168195,e5aa19ff-94d6-471c-ba68-7be0a3998db5,0.384368587962963,reference
215474839561399,117ab0ff-6b26-41b0-ba64-07e2415dacb4,5.093272199074074,reference
215474839730153,a69a3463-ad5b-46ae-8e86-78bd914837fd,-36.66183579861111,reference
215474839778155,3c03f624-ba53-4706-bd7c-eae0f5ff6e72,0.34004841435185185,telephone_montant_date+reference
215474840050970,6feac3f6-c72d-45d9-b84d-7bb55c93f9f9,0.3403214699074074,reference
215474840051308,78084bb0-c9f6-49ad-a2b5-e73f51b3d45a,5.040877233796296,reference
215474840066229,0cb7b7fc-7bf3-46e7-8a30-1ba61058dc06,0.3384694212962963,reference
215474840392020,f0849292-c697-4f9c-b36e-b1ce61bde8a4,0.30961082175925925,reference
215474840785971,07d995e8-e427-4321-a0e4-3b16308e429b,4.995727928240741,reference
215474840805681,d7bc829b-783b-4477-824b-b67aa67e20a5,20.961544548611112,reference
215474840806289,e2375242-9c6c-4135-84ec-b1616edb9205,0.2870228587962963,reference
215474840901864,4adc4d44-a153-406f-95c0-32143fccac0a,1.0529493981481481,reference
215474840916549,ae9102e1-da7f-450f-b851-7d2efa0bfcb3,3.9814030324074077,reference
215474840921839,4716daf0-f167-4359-9b6a-f3da3d2eebeb,0.2749040625,reference
215474840946644,c54fe43b-db3c-4beb-b161-f33f4ab34d15,0.24565646990740742,reference
215474840988747,ae9102e1-da7f-450f-b851-7d2efa0bfcb3,3.9729423842592593,reference
215474842850798,0cb7b7fc-7bf3-46e7-8a30-1ba61058dc06,0.17702266203703704,reference
215474843714217,454f7f30-614d-4511-86fa-2c19962299ca,-211.93907908564813,reference
215474845299947,6325b948-7a4a-402d-801a-f58b83d06eb7,0.0738638425925926,telephone_montant_date+reference
215474845531028,fdae81fe-6357-422a-aa24-0db0b00653b1,14.794078414351851,reference
215474846930915,b8110908-82ef-4186-86b6-e4b13a1bc53a,-213.29489728009258,reference
215474849633475,6eca4bbc-8973-4744-9d39-7cd97484efee,-2.3371890625000002,telephone_montant_date+reference
215474852707324,03f33b0d-99a0-40c7-bba3-673742bcb699,3.245291527777778,reference
215474852941331,1d57b30d-82a6-4cef-bd9d-800ee11621a0,-210.9003949537037,reference
215474852941331,8c09d71d-23b1-4ac9-9c56-da0ab5ce5adc,-112.79507329861111,reference
215474854348225,1e73cc41-ee17-4627-adc0-b3e54480151f,4.1460199537037035,reference
215474854910285,47566faa-674d-4f2f-92f6-da7acd561a25,1.078351111111111,telephone_montant_date
215474855036997,6999036d-0dff-45d7-b3fd-2b6d407b5e54,1.0746456597222223,telephone_montant_date
215474855292504,903b2aee-f4fd-41e5-a6e9-68e0ebba1e47,19.188123738425926,reference
215474855479666,81d92d01-f5db-4891-8b65-de2c01080a66,4.168967881944445,reference
215474858672727,454f7f30-614d-4511-86fa-2c19962299ca,-213.01469251157405,reference
215474858672727,cf39dbba-318a-4b70-823d-00fd85c36e98,2.759327037037037,telephone_montant_date
215474859102254,454f7f30-614d-4511-86fa-2c19962299ca,-213.03178741898145,reference
215474859102254,cf39dbba-318a-4b70-823d-00fd85c36e98,2.7422321296296297,telephone_montant_date
215474861169087,d604f8f0-710b-4abd-a4c6-cd3d994f25fa,14.078711122685187,reference
215474861189629,ee685a19-58b5-4487-be78-7905d732b9cc,2.7284611574074074,telephone_montant_date+reference
215474861485459,04ad9525-a979-42bd-b117-be578a1cb4c0,2.6362713425925928,telephone_montant_date
215474861578919,3d5db76d-0aaf-426c-90cc-eaea8b93b7a3,3.754112835648148,reference
215474868564632,04ad9525-a979-42bd-b117-be578a1cb4c0,2.0463755092592595,telephone_montant_date
215474868582470,8bc6d335-05e9-4048-b6a0-9c254d278beb,10.349119050925927,reference
215474868825083,791afa62-6757-42c0-9dca-92ac30331280,2.039209050925926,telephone_montant_date
215474868839979,cd434e8d-3809-4739-8640-c48a7a1c48be,2.0284268402777776,telephone_montant_date
215474870134684,1d57b30d-82a6-4cef-bd9d-800ee11621a0,-212.27283708333334,reference
215474870134684,8c09d71d-23b1-4ac9-9c56-da0ab5ce5adc,-114.16751542824075,reference
215474875222613,78084bb0-c9f6-49ad-a2b5-e73f51b3d45a,2.0641411226851853,reference
215474875297318,ee685a19-58b5-4487-be78-7905d732b9cc,1.1057181018518518,telephone_montant_date+reference
215474875472335,088f0626-2dce-486f-a404-bfa77393e4a2,1.076600023148148,telephone_montant_date
215474877496985,726deb4b-8251-4925-b439-6e8f84ffea34,1.8809218287037037,telephone_montant_date
215474877497956,fc19c9e3-4572-4e83-95b0-22604cf898ef,1.8534593287037038,telephone_montant_date
215474880224335,96828b88-416b-4681-b5d7-04d0e54fa8d6,0.6769495833333333,telephone_montant_date
215474880556059,064ba851-9aca-468d-ac1d-a188ef330c3a,1.6744292476851852,reference
215474883799128,a7c693c0-bcbe-4587-9d25-11b009ba337b,1.1739825925925926,telephone_montant_date
215474884132807,07d995e8-e427-4321-a0e4-3b16308e429b,1.167961724537037,reference
215474884474833,247a943e-a0e1-4a95-8f09-ca40b4505ff5,1.676445266203704,telephone_montant_date
215474884890557,f81839f5-73ef-4c41-9e6a-3911ddb233a8,0.19894761574074074,telephone_montant_date
215474885127779,5803c6f4-4104-4998-9310-df2a92599af1,1.3097365625,telephone_montant_date
215474885656831,eaa32ffa-8a68-400e-8897-a12af29b17e8,-93.94805761574075,reference
215474885773422,eaa32ffa-8a68-400e-8897-a12af29b17e8,-93.95973585648149,reference
215474885968913,29855d12-1f8b-4777-aafb-05df8bc0d63e,-0.010865625,telephone_montant_date
215474886385397,726deb4b-8251-4925-b439-6e8f84ffea34,1.037681087962963,telephone_montant_date
215474888714672,57d4110c-2039-43be-b179-bcbcba8ca900,0.8648870486111111,telephone_montant_date
215474889123995,ae9102e1-da7f-450f-b851-7d2efa0bfcb3,-0.1531455787037037,telephone_montant_date+reference
215474889405330,1ea5f777-7939-496b-aea6-dccd608c3c16,1.8256268865740741,reference
215474890338893,7f26d41a-f759-489f-b57b-658a4e3875f1,8.253932951388888,reference
215474890878893,47566faa-674d-4f2f-92f6-da7acd561a25,-2.149750740740741,telephone_montant_date
215474897009479,791afa62-6757-42c0-9dca-92ac30331280,-0.7035571527777779,telephone_montant_date
215474898226043,f6cca0cb-bfc3-4bfc-99bd-5ad19e8992f3,2.078412581018519,telephone_montant_date
215474898387731,28f99dde-160f-4c54-8502-9d21b1065d36,1.4127620833333334,reference
215474899801074,47a1ccc6-9545-4aec-8699-651de2e93677,-7.894251273148149,reference
215474901891749,2be67662-207d-45e2-840d-2613867f7ef2,-1.0462785069444445,telephone_montant_date
215474902477123,1de15365-57f2-405a-a982-823dbf1caa1f,2.0807139583333334,telephone_montant_date
215474904909734,1d57b30d-82a6-4cef-bd9d-800ee11621a0,-215.36096208333336,reference
215474904909734,8c09d71d-23b1-4ac9-9c56-da0ab5ce5adc,-117.25564042824075,reference
215474906241710,cc0e8aac-599c-45b1-97e5-460229b9da76,1.9906452199074074,reference
215474913556384,e1572565-0596-42ab-a796-954fb2e96bac,14.412232766203704,reference
215474914316260,eaa32ffa-8a68-400e-8897-a12af29b17e8,-95.96089326388889,reference
215474914627940,ae9102e1-da7f-450f-b851-7d2efa0bfcb3,-2.0081340046296297,reference
215474914704497,ae9102e1-da7f-450f-b851-7d2efa0bfcb3,-2.014002060185185,reference
215474914767577,ae9102e1-da7f-450f-b851-7d2efa0bfcb3,-2.019465023148148,reference
215474915312055,db8c4ce3-bad8-4297-90b6-cf7e0bb69ae3,-35.75929784722222,reference
215474915476137,07244e6a-c6be-435e-9f24-04d3ea8c12c7,1.2059698611111112,reference
215474918427597,bfbb1666-68bb-433f-968a-913f0a4cd228,9.206011655092592,reference
215474918706865,23ab1303-f159-497e-bedb-e9ba4c5a797e,7.153554085648148,reference
215474929447415,29f40dad-918f-4490-a96a-e127439310e1,-1.5944960185185186,telephone_montant_date
215474934343056,968271b9-7942-4494-b04a-7ff580765872,13.058346331018518,reference
215474934909451,903b2aee-f4fd-41e5-a6e9-68e0ebba1e47,13.023841331018518,reference
215474938564938,e6be9b53-5e98-4f86-a2a3-b4fd7985a78e,12.892064224537036,reference
215474939091889,959076f6-a995-428a-9e05-7f69f4889084,0.5636531944444444,reference
215474939621218,959076f6-a995-428a-9e05-7f69f4889084,0.54202125,reference
215474946238059,5617dd93-55d9-4e7f-98dc-8fb5476ddd86,0.03640068287037037,telephone_montant_date
215474947172760,b0ae84de-332d-4861-a201-ff7e2f337b88,5.006042604166667,reference
215474951995865,13fc4fdf-0c35-4dfc-9618-1b0a64c900de,-1.187656875,telephone_montant_date
215474953761524,b7175e9a-2daf-43e2-b17a-bb6155908886,3.9117696180555557,reference
215474958061182,62618070-c03e-4ba3-a0d3-e7a681086039,2.2514337037037038,telephone_montant_date
215474958297802,bfbb1666-68bb-433f-968a-913f0a4cd228,6.358176006944444,reference
215474959318231,e7b2e2b3-94bd-475d-9caf-761fbbcc1f91,-220.6298652199074,reference
215474960082771,1d57b30d-82a6-4cef-bd9d-800ee11621a0,-219.37985097222224,reference
215474960082771,8c09d71d-23b1-4ac9-9c56-da0ab5ce5adc,-121.27452931712963,reference
215474960760427,509384f9-84a7-4262-8a98-07ead70b1225,1.9061653009259258,telephone_montant_date+reference
215474968434695,b0ae84de-332d-4861-a201-ff7e2f337b88,2.5761814930555555,reference
215474972038420,ac640dc0-b40b-403d-b626-c2a3def8d1ca,1.3660694675925926,telephone_montant_date
215474974972093,ac640dc0-b40b-403d-b626-c2a3def8d1ca,1.1672847453703703,telephone_montant_date
215474975349336,d7adea11-e35e-4db4-b34c-5a8a0e76494b,1.9008241087962965,telephone_montant_date+reference
215474978054388,aa192966-64c8-4d71-b730-9af390517ec5,1.717360324074074,telephone_montant_date
215474980612141,31f3b6e2-5b6b-458f-a227-b7d32a4bb3b2,-1.9614433449074073,telephone_montant_date
215474981265871,a067ae06-a9c5-4521-bcdc-409576512225,1.8637948726851852,telephone_montant_date
215474982299139,6c4cdc6b-ca8f-42d9-b9f4-08abc36a50b8,-216.52240063657408,reference
215474982299139,6d42f2cb-9d23-4c0c-8eef-023c9f5fd6cb,-28.069247847222222,reference
215474982299139,83b31a52-4095-423f-aa45-f688d6e5c3b9,-83.39142702546296,reference
215474982299139,c9e01fcf-39cd-4c59-a63c-9df15a5b3009,-95.13459734953703,reference
215474982299139,d699269c-e48a-4336-8f04-628d429445e7,-252.52420475694447,reference
215474985410065,23ab1303-f159-497e-bedb-e9ba4c5a797e,1.5845957523148149,reference
215474985767745,5fae40ae-f469-493d-856b-0fc077479449,1.0902036805555555,telephone_montant_date
215474986348056,a2efa02c-bcd4-403d-b07e-0bce4b871a07,1.0454787268518517,telephone_montant_date
215474996716364,fc28cff4-958d-4d39-a1bd-457657b6cacc,-35.11286586805556,reference
215475000874589,e6be9b53-5e98-4f86-a2a3-b4fd7985a78e,7.641439224537038,reference
215475002591927,99ca035b-2f84-4cba-b5aa-e28bb6796326,0.43765725694444446,reference
215475006750902,4dbd28eb-b832-48a9-a024-d3a5d1476914,7.1634776157407405,reference
215475012722072,94c24bfe-29e9-4c0d-af6a-81c0f4ac7921,0.7054807986111111,telephone_montant_date+reference
215475016267199,07244e6a-c6be-435e-9f24-04d3ea8c12c7,-6.4780463425925925,reference
215475017261190,59683cc0-e80a-46e2-9d72-b8ec572373b2,-44.93552785879629,reference
215475018443361,ac640dc0-b40b-403d-b626-c2a3def8d1ca,-1.761974513888889,telephone_montant_date
215475020008337,ec43c1e3-ea48-42d1-877c-00b3d1b65871,0.1654665509259259,telephone_montant_date
215475020169076,968271b9-7942-4494-b04a-7ff580765872,6.1107537384259265,reference
215475020439605,2a80632d-fce0-4c62-8904-1fbc569e51d4,6.074118599537036,reference
215475022754941,060ac345-769f-452d-bb33-93e238109f8c,6.707797418981482,reference
215475028936951,918f27da-ff37-46eb-a85a-81ec2001a7fb,5.528412071759259,reference
215475030571979,edc77a86-d293-4f68-b63e-05ec55ccda53,6.0608465972222225,reference
215475031243840,ae68d379-7ddc-4aa4-a165-9436431689fe,5.266019328703703,reference
215475031297945,ae68d379-7ddc-4aa4-a165-9436431689fe,5.26018599537037,reference
215475034963325,29dbee87-656b-4663-86d2-5dab122ac8b1,0.2415080787037037,reference
215475042573144,f38cc580-6edf-46cc-8ac2-24a7677d2d88,-8.277865462962962,reference
215475043882933,8ac3edb5-846c-4984-ab86-d3685266c19d,4.259162476851851,reference
215475045388386,3d6806f6-8f18-4101-8294-ab8c29f1cf3d,4.031009652777778,reference
215475047964444,968271b9-7942-4494-b04a-7ff580765872,3.7281379976851854,reference
215475049117478,918f27da-ff37-46eb-a85a-81ec2001a7fb,3.4985856828703707,reference
215475053546538,bfbb1666-68bb-433f-968a-913f0a4cd228,-1.8962221412037037,reference
215475058066619,29dbee87-656b-4663-86d2-5dab122ac8b1,-2.4041400694444444,reference
215475062394017,64d94084-8907-43a5-b7ec-8249d6aab263,2.2268946527777778,telephone_montant_date+reference
215475063782194,e6be9b53-5e98-4f86-a2a3-b4fd7985a78e,2.0631290393518515,reference
215475066982886,7fec4d76-f8c0-4f6c-a389-aa322357efed,1.9591414236111109,reference
215475073226897,d6ca5c8a-fc84-4d8a-8102-a6484f84e7bf,1.691825300925926,reference
215475074053431,7d753faf-b909-4494-a81a-acdfc8787cef,1.6519255092592593,telephone_montant_date
215475076200765,903b2aee-f4fd-41e5-a6e9-68e0ebba1e47,1.295473275462963,reference
215475076829709,41e166f8-5430-4a6c-96fd-7cd42ef5e62b,1.3346514351851853,reference
215475077075473,a543bbcd-47f2-4a49-acf3-956c8ed74763,-230.0677775925926,reference
215475081282682,8f4df9a7-44ee-4601-8537-0eb7ca0d445b,-84.22209322916667,reference
215475081282682,bed5ef51-6d39-4b50-a7f0-9521a0840dec,-89.94559898148148,reference
215475081282682,cab903b5-db3d-4949-b3a9-88d7b98ff8dd,-231.7222620023148,reference
215475081282682,d176a262-4ee6-405b-8028-63f49f4bf6e3,-76.90441167824073,reference
215475085861670,c413e0a7-b745-4a1b-bd6b-24fd674a026d,0.852108136574074,telephone_montant_date+reference
215475090991898,265caa5f-59f8-4eaf-957c-48636a64fd6a,0.3955944675925926,reference
215475101733503,df062fef-1e0e-4be0-9c87-8e24dc40a073,-29.07214931712963,reference
215475104431690,ae5a0e76-427a-4980-9658-66b2faf3b1ed,-0.197557337962963,telephone_montant_date
215475128560221,76f339aa-a815-43f1-838f-fe95455dbb36,-1.0498132175925925,telephone_montant_date
215475132059788,c4522ab7-e55b-44b4-a050-d9a6fd54b519,4.618854467592593,reference
217378,6287f0ef-eda4-428c-8e9c-b7c74f5118e7,7.904810474537037,reference
23794,710a4eb8-7a3e-4e7d-a611-a8bc272f571c,0.055563981481481485,telephone_montant_date+reference
32862,ad1dfea4-bf96-498c-b196-9da4c1ab3ac3,0.04727041666666667,telephone_montant_date
37360,f0771ba8-1940-443d-b2fe-a025efbe65ad,0.5649255555555556,telephone_montant_date+reference
41574,48831fdc-45c2-4c06-9779-57b2257b4b40,2.2236334027777778,telephone_montant_date
43939,3bd6da4c-18be-40c5-a760-70dcbb25f1bd,0.31430988425925926,telephone_montant_date
43939,c2f0ef9e-f272-4e78-9a95-ff1fa8afce1e,0.3148724074074074,telephone_montant_date
44444,0d80a127-e35b-4be3-91d6-d8d3f81dac81,0.0604737037037037,telephone_montant_date+reference
49221,44b480a0-123c-4eab-920f-c7035bd87660,0.04417846064814815,telephone_montant_date
49221,896d6373-c798-420a-846f-d83345b4f0ca,0.25762158564814813,telephone_montant_date
49671,2f45ca4e-fbf5-4baf-921c-832731149696,2.3144805208333334,telephone_montant_date+reference
78400,0d54d523-4167-4491-89f1-20d8ecca9d66,1.9933072685185185,telephone_montant_date
78400,1d98cfb3-c217-4482-be21-bcfb0af701b6,0.04882758101851852,telephone_montant_date
7855,8f4df9a7-44ee-4601-8537-0eb7ca0d445b,146.12467760416666,reference
7855,bed5ef51-6d39-4b50-a7f0-9521a0840dec,140.40117185185184,reference
7855,cab903b5-db3d-4949-b3a9-88d7b98ff8dd,-1.3754911689814815,reference
7855,d176a262-4ee6-405b-8028-63f49f4bf6e3,153.4423591550926,reference
9101,557daa97-c1e7-4bd9-a18b-a2c8860fb363,0.04790612268518518,telephone_montant_date+reference
9573,6c4cdc6b-ca8f-42d9-b9f4-08abc36a50b8,10.834728993055554,reference
9573,6d42f2cb-9d23-4c0c-8eef-023c9f5fd6cb,199.28788178240742,reference
9573,83b31a52-4095-423f-aa45-f688d6e5c3b9,143.96570260416667,reference
9573,c9e01fcf-39cd-4c59-a63c-9df15a5b3009,132.2225322800926,reference
9573,d699269c-e48a-4336-8f04-628d429445e7,-25.167075127314817,reference
